fir_narrative,district,police_station,crime_location_type,date_of_crime,time_of_crime,day_of_week,season,reported_by,victim_gender,victim_age,accused_gender,accused_age,weapon_used,vehicle_involved,num_accused,relationship,ipc_section,crime_category,FIR_Quality_Score,Completeness,Consistency,Relevance
The accused used a knife to fatally wound the victim at their residence.,Pali,Station C,highway,2024-12-10,03:43:58,Tuesday,Monsoon,Victim,Other,23,Female,30,knife,scooter,5,Friend,IPC 302 (Murder),Murder,1.03,0.0,0.0,1.030611366033554
The accused forcibly entered the victim’s home and committed the crime.,Alwar,Station B,residential area,2024-08-26,17:54:17,Monday,Monsoon,Eyewitness,Male,21,Other,56,gun,auto,2,Neighbor,IPC 376 (Rape),Rape,1.05,0.0,0.0,1.0499506294727325
"A heated argument turned violent at the market, injuring one person.",Beawar,Station C,market,2025-03-16,04:34:47,Sunday,Monsoon,Police,Male,57,Female,46,bare hands,bike,5,Neighbor,IPC 323 (Assault),Assault,0.64,0.0,0.0,0.63853320479393
A local resident was found murdered in a highway under mysterious circumstances.,Ajmer,Station A,highway,2024-10-27,04:40:24,Sunday,Spring,Relative,Male,35,Female,58,gun,car,1,Friend,IPC 302 (Murder),Murder,0.91,0.0,0.0,0.9085416197776794
A theft was reported where items were stolen from a highway.,Ajmer,Station B,highway,2025-04-15,15:12:33,Tuesday,Monsoon,Police,Female,38,Other,25,bare hands,bike,3,Acquaintance,IPC 379 (Theft),Theft,1.34,0.0,0.0,1.3367257118225098
"A violent brawl broke out at a highway, leading to serious injuries.",Salumbar,Station B,highway,2024-10-14,04:20:32,Monday,Monsoon,Relative,Other,33,Other,58,gun,scooter,2,Relative,IPC 323 (Assault),Assault,0.89,0.0,0.0,0.8907482028007507
The accused used a gun to fatally wound the victim at their residence.,Dausa,Station B,market,2024-11-27,03:41:29,Wednesday,Monsoon,Relative,Other,70,Female,70,gun,bike,3,Stranger,IPC 302 (Murder),Murder,1.08,0.0,0.0,1.083620309829712
The victim was abducted and raped in a moving vehicle by unknown individuals.,Barmer,Station C,highway,2024-08-04,20:50:30,Sunday,Spring,Relative,Male,10,Male,24,bare hands,bike,4,Relative,IPC 376 (Rape),Rape,1.08,0.0,0.0,1.0808066725730896
The accused forcibly entered the victim’s home and committed the crime.,Sawai Madhopur,Station A,school,2025-03-09,23:00:29,Sunday,Winter,Relative,Other,36,Female,44,gun,car,5,Relative,IPC 376 (Rape),Rape,1.05,0.0,0.0,1.0499506294727325
The body of the victim was discovered at a residential area with signs of struggle.,Udaipur,Station B,residential area,2025-05-11,11:18:05,Sunday,Summer,Police,Female,71,Other,45,knife,car,1,Relative,IPC 302 (Murder),Murder,0.97,0.0,0.0,0.9746900796890259
The body of the victim was discovered at a school with signs of struggle.,Dausa,Station A,school,2025-05-21,08:24:04,Wednesday,Winter,Police,Male,57,Other,45,bare hands,scooter,5,Acquaintance,IPC 302 (Murder),Murder,0.64,0.0,0.0,0.635125145316124
The accused forcibly entered the victim’s home and committed the crime.,Bikaner,Station C,school,2024-07-03,15:53:19,Wednesday,Monsoon,Police,Male,22,Male,29,gun,bike,2,Acquaintance,IPC 376 (Rape),Rape,1.05,0.0,0.0,1.0499506294727325
"A violent brawl broke out at a school, leading to serious injuries.",Didwana-Kuchaman,Station A,school,2024-11-25,07:53:51,Monday,Spring,Victim,Male,50,Female,45,knife,auto,5,Acquaintance,IPC 323 (Assault),Assault,0.8,0.0,0.0,0.7969265878200531
The victim was robbed at gunpoint while returning home from work.,Karauli,Station B,bus stop,2025-03-24,11:30:26,Monday,Winter,Relative,Female,56,Female,50,stick,bike,1,Friend,IPC 392 (Robbery),Robbery,1.2,0.0,0.0,1.2045089900493622
A rape case was registered involving a Friend in an isolated bus stop.,Tonk,Station C,bus stop,2024-11-26,08:58:40,Tuesday,Monsoon,Victim,Female,58,Other,68,stick,bike,2,Friend,IPC 376 (Rape),Rape,2.18,0.8,0.0,1.3800539374351501
Robbers stormed a house and made away with cash and gold.,Balotra,Station A,school,2025-05-20,01:28:24,Tuesday,Winter,Police,Other,47,Male,37,stick,car,5,Friend,IPC 392 (Robbery),Robbery,1.0,0.0,0.0,1.004294514656067
The accused used a stick to fatally wound the victim at their residence.,Bharatpur,Station A,school,2025-02-16,10:43:43,Sunday,Monsoon,Relative,Other,67,Other,16,stick,auto,5,Acquaintance,IPC 302 (Murder),Murder,1.08,0.0,0.0,1.080114483833313
A theft was reported where items were stolen from a bus stop.,Jhunjhunu,Station C,bus stop,2025-04-02,11:43:23,Wednesday,Monsoon,Police,Male,56,Female,63,knife,car,5,Relative,IPC 379 (Theft),Theft,1.37,0.0,0.0,1.3653340637683868
A local resident was found murdered in a highway under mysterious circumstances.,Karauli,Station A,highway,2025-03-10,09:13:55,Monday,Summer,Relative,Female,33,Other,39,stick,auto,3,Neighbor,IPC 302 (Murder),Murder,0.91,0.0,0.0,0.9085416197776794
Jewelry and cash were stolen from a park during daytime.,Bharatpur,Station A,park,2024-09-21,17:40:14,Saturday,Monsoon,Police,Male,49,Female,15,bare hands,car,2,Acquaintance,IPC 379 (Theft),Theft,1.81,0.8,0.0,1.009999394416809
The accused used a stick to fatally wound the victim at their residence.,Dausa,Station B,highway,2025-05-23,21:19:26,Friday,Summer,Victim,Other,45,Other,33,stick,scooter,2,Stranger,IPC 302 (Murder),Murder,1.08,0.0,0.0,1.080114483833313
Pickpocketing occurred in a crowded park.,Bharatpur,Station B,park,2025-02-01,16:58:51,Saturday,Winter,Police,Other,25,Male,59,gun,car,5,Acquaintance,IPC 379 (Theft),Theft,0.81,0.0,0.0,0.8108842670917511
The victim’s vehicle was broken into and items were stolen.,Rajsamand,Station A,highway,2024-12-31,15:14:32,Tuesday,Monsoon,Eyewitness,Female,27,Female,42,stick,bike,5,Friend,IPC 379 (Theft),Theft,1.15,0.0,0.0,1.1471603214740753
Unknown suspects broke into a bus stop and stole valuables.,Jaipur,Station C,bus stop,2025-04-14,22:42:45,Monday,Monsoon,Eyewitness,Other,64,Other,56,gun,auto,3,Acquaintance,IPC 379 (Theft),Theft,0.98,0.0,0.0,0.9772862792015076
"An armed robbery took place at a bus stop, threatening the occupants.",Salumbar,Station A,bus stop,2025-03-05,17:36:59,Wednesday,Winter,Police,Male,34,Female,49,gun,auto,1,Acquaintance,IPC 392 (Robbery),Robbery,1.25,0.0,0.0,1.2470667958259583
The body of the victim was discovered at a market with signs of struggle.,Nagaur,Station B,market,2024-09-11,05:06:29,Wednesday,Summer,Eyewitness,Female,41,Female,54,bare hands,scooter,3,Friend,IPC 302 (Murder),Murder,0.87,0.0,0.0,0.8729285001754761
The accused physically assaulted the victim using a gun at a school.,Pali,Station C,school,2025-02-27,09:16:49,Thursday,Summer,Relative,Male,39,Male,24,gun,scooter,1,Friend,IPC 323 (Assault),Assault,0.77,0.0,0.0,0.7719437777996063
An incident of rape was reported where the accused lured the victim to a residential area.,Kota,Station C,residential area,2024-08-10,12:22:11,Saturday,Monsoon,Police,Male,71,Female,54,gun,auto,1,Neighbor,IPC 376 (Rape),Rape,1.26,0.0,0.0,1.255059152841568
Pickpocketing occurred in a crowded market.,Alwar,Station A,market,2024-07-14,11:28:41,Sunday,Spring,Relative,Male,78,Male,62,knife,bike,2,Neighbor,IPC 379 (Theft),Theft,0.77,0.0,0.0,0.7711847126483917
The accused used a bare hands to fatally wound the victim at their residence.,Jalore,Station B,bus stop,2024-12-25,09:41:20,Wednesday,Monsoon,Relative,Male,23,Male,54,bare hands,scooter,3,Neighbor,IPC 302 (Murder),Murder,0.99,0.0,0.0,0.9882590174674988
The victim was robbed at gunpoint while returning home from work.,Baran,Station C,market,2024-11-23,12:50:54,Saturday,Summer,Relative,Female,33,Female,17,knife,bike,4,Friend,IPC 392 (Robbery),Robbery,1.2,0.0,0.0,1.2045089900493622
The accused physically assaulted the victim using a knife at a bus stop.,Tonk,Station B,bus stop,2025-02-12,16:54:55,Wednesday,Spring,Relative,Other,52,Female,39,knife,bike,2,Neighbor,IPC 323 (Assault),Assault,0.78,0.0,0.0,0.7791455090045929
Jewelry and cash were stolen from a highway during daytime.,Dungarpur,Station B,highway,2025-04-17,17:39:20,Thursday,Winter,Eyewitness,Other,54,Female,25,gun,bike,4,Stranger,IPC 379 (Theft),Theft,1.79,0.8,0.0,0.9935021102428436
Unknown suspects broke into a market and stole valuables.,Phalodi,Station C,market,2025-03-09,02:24:05,Sunday,Spring,Relative,Other,28,Male,64,stick,bike,3,Relative,IPC 379 (Theft),Theft,1.06,0.0,0.0,1.062130630016327
"A violent brawl broke out at a park, leading to serious injuries.",Sawai Madhopur,Station A,park,2024-12-18,23:58:13,Wednesday,Winter,Relative,Female,13,Other,56,gun,bike,4,Neighbor,IPC 323 (Assault),Assault,0.86,0.0,0.0,0.8555434942245483
The accused forcibly entered the victim’s home and committed the crime.,Sri Ganganagar,Station B,highway,2024-10-28,23:08:34,Monday,Monsoon,Police,Female,54,Male,61,knife,bike,3,Stranger,IPC 376 (Rape),Rape,1.05,0.0,0.0,1.0499506294727325
The accused forcefully snatched the victim's belongings and fled on a bike.,Deeg,Station A,highway,2024-11-20,17:18:16,Wednesday,Spring,Victim,Female,30,Male,16,stick,bike,4,Stranger,IPC 392 (Robbery),Robbery,0.77,0.0,0.0,0.7719154357910156
Police received a report of assault involving two individuals at a market.,Pratapgarh,Station A,market,2024-10-05,08:10:24,Saturday,Spring,Eyewitness,Female,46,Male,33,knife,scooter,3,Neighbor,IPC 323 (Assault),Assault,1.01,0.0,0.0,1.005622386932373
A theft was reported where items were stolen from a highway.,Didwana-Kuchaman,Station A,highway,2025-01-25,05:58:13,Saturday,Monsoon,Police,Other,42,Other,46,gun,bike,2,Relative,IPC 379 (Theft),Theft,1.34,0.0,0.0,1.3367257118225098
Eyewitnesses reported a fatal altercation involving a gun near the market.,Khairthal-Tijara,Station A,market,2025-03-22,18:46:54,Saturday,Winter,Eyewitness,Female,69,Female,52,gun,car,5,Relative,IPC 302 (Murder),Murder,1.1,0.0,0.0,1.1033974885940552
The accused physically assaulted the victim using a gun at a residential area.,Bundi,Station C,residential area,2025-02-03,03:27:31,Monday,Monsoon,Victim,Male,58,Female,49,gun,car,5,Stranger,IPC 323 (Assault),Assault,1.01,0.0,0.0,1.0143404603004456
The body of the victim was discovered at a park with signs of struggle.,Khairthal-Tijara,Station C,park,2025-05-23,13:22:04,Friday,Monsoon,Eyewitness,Other,48,Male,27,bare hands,scooter,4,Acquaintance,IPC 302 (Murder),Murder,0.8,0.0,0.0,0.8012655973434448
The accused forcefully snatched the victim's belongings and fled on a bike.,Udaipur,Station C,park,2024-12-02,18:06:07,Monday,Spring,Police,Male,18,Male,47,knife,bike,1,Stranger,IPC 392 (Robbery),Robbery,0.77,0.0,0.0,0.7719154357910156
A theft was reported where items were stolen from a market.,Didwana-Kuchaman,Station A,market,2025-02-13,02:33:12,Thursday,Spring,Victim,Other,16,Female,43,stick,scooter,5,Acquaintance,IPC 379 (Theft),Theft,1.36,0.0,0.0,1.3614492416381836
A theft was reported where items were stolen from a park.,Khairthal-Tijara,Station A,park,2024-06-23,06:49:34,Sunday,Winter,Eyewitness,Other,49,Male,34,stick,auto,4,Friend,IPC 379 (Theft),Theft,1.37,0.0,0.0,1.3701566755771637
The victim was attacked from behind with a knife at a school.,Nagaur,Station C,school,2024-08-14,14:27:01,Wednesday,Spring,Relative,Male,13,Female,66,knife,bike,1,Neighbor,IPC 323 (Assault),Assault,0.73,0.0,0.0,0.73188816010952
The victim was attacked and killed using a gun at a bus stop.,Kota,Station C,bus stop,2025-05-15,20:49:02,Thursday,Summer,Eyewitness,Male,21,Other,52,gun,auto,2,Neighbor,IPC 302 (Murder),Murder,1.2,0.0,0.0,1.1956493854522705
The accused forcibly entered the victim’s home and committed the crime.,Kota,Station B,bus stop,2024-09-20,03:42:43,Friday,Winter,Eyewitness,Female,49,Male,50,knife,scooter,1,Stranger,IPC 376 (Rape),Rape,1.05,0.0,0.0,1.0499506294727325
"A violent brawl broke out at a market, leading to serious injuries.",Sawai Madhopur,Station B,market,2025-03-06,01:43:37,Thursday,Summer,Relative,Other,19,Other,31,gun,car,1,Acquaintance,IPC 323 (Assault),Assault,0.79,0.0,0.0,0.79172283411026
"A violent brawl broke out at a market, leading to serious injuries.",Bikaner,Station C,market,2024-08-17,21:49:52,Saturday,Spring,Victim,Other,50,Other,25,knife,bike,2,Neighbor,IPC 323 (Assault),Assault,0.79,0.0,0.0,0.79172283411026
An incident of rape was reported where the accused lured the victim to a residential area.,Sirohi,Station C,residential area,2024-09-20,12:23:35,Friday,Spring,Police,Male,14,Male,58,knife,scooter,5,Stranger,IPC 376 (Rape),Rape,1.26,0.0,0.0,1.255059152841568
The accused forcefully snatched the victim's belongings and fled on a car.,Pratapgarh,Station C,highway,2024-07-01,16:21:11,Monday,Monsoon,Relative,Female,22,Female,56,knife,car,2,Neighbor,IPC 392 (Robbery),Robbery,0.78,0.0,0.0,0.7772024273872375
The body of the victim was discovered at a school with signs of struggle.,Baran,Station C,school,2024-06-05,22:16:49,Wednesday,Winter,Relative,Male,35,Female,29,knife,auto,1,Friend,IPC 302 (Murder),Murder,0.64,0.0,0.0,0.635125145316124
Unknown suspects broke into a park and stole valuables.,Udaipur,Station B,park,2025-01-27,07:59:43,Monday,Summer,Eyewitness,Male,33,Other,20,knife,bike,4,Neighbor,IPC 379 (Theft),Theft,1.03,0.0,0.0,1.0262937247753143
A gang of masked robbers looted a store at a residential area.,Jodhpur,Station B,residential area,2025-03-21,09:48:01,Friday,Monsoon,Eyewitness,Other,63,Other,54,knife,auto,2,Stranger,IPC 392 (Robbery),Robbery,1.14,0.0,0.0,1.1413362622261047
The victim was robbed at gunpoint while returning home from work.,Tonk,Station C,school,2024-11-08,08:00:01,Friday,Summer,Victim,Female,54,Male,61,bare hands,bike,3,Friend,IPC 392 (Robbery),Robbery,1.2,0.0,0.0,1.2045089900493622
"A heated argument turned violent at the residential area, injuring one person.",Jhalawar,Station C,residential area,2024-10-29,12:36:15,Tuesday,Spring,Relative,Female,75,Other,40,bare hands,scooter,2,Acquaintance,IPC 323 (Assault),Assault,0.92,0.0,0.0,0.9247208833694458
The victim was abducted and raped in a moving vehicle by unknown individuals.,Churu,Station C,school,2025-05-21,11:02:13,Wednesday,Monsoon,Relative,Other,56,Other,20,bare hands,scooter,3,Neighbor,IPC 376 (Rape),Rape,1.08,0.0,0.0,1.0808066725730896
A gang of masked robbers looted a store at a park.,Salumbar,Station C,park,2024-06-11,23:41:03,Tuesday,Winter,Relative,Female,14,Other,49,knife,scooter,2,Friend,IPC 392 (Robbery),Robbery,1.06,0.0,0.0,1.0635316371917725
The victim was robbed at gunpoint while returning home from work.,Hanumangarh,Station A,bus stop,2025-03-12,17:33:06,Wednesday,Spring,Police,Other,50,Male,23,gun,auto,4,Friend,IPC 392 (Robbery),Robbery,1.2,0.0,0.0,1.2045089900493622
The victim was abducted and raped in a moving vehicle by unknown individuals.,Bundi,Station A,bus stop,2025-02-11,02:17:04,Tuesday,Monsoon,Police,Male,80,Other,33,knife,scooter,4,Relative,IPC 376 (Rape),Rape,1.08,0.0,0.0,1.0808066725730896
The victim was abducted and raped in a moving vehicle by unknown individuals.,Kotputli-Behror,Station C,bus stop,2025-02-11,05:59:58,Tuesday,Spring,Police,Other,58,Female,31,knife,auto,1,Neighbor,IPC 376 (Rape),Rape,1.08,0.0,0.0,1.0808066725730896
An incident of rape was reported where the accused lured the victim to a highway.,Bharatpur,Station C,highway,2024-12-28,23:01:15,Saturday,Summer,Police,Male,22,Female,65,stick,car,2,Neighbor,IPC 376 (Rape),Rape,1.04,0.0,0.0,1.0392445921897888
"A violent brawl broke out at a park, leading to serious injuries.",Deeg,Station C,park,2024-07-24,00:08:17,Wednesday,Spring,Victim,Other,43,Female,17,bare hands,car,1,Acquaintance,IPC 323 (Assault),Assault,0.86,0.0,0.0,0.8555434942245483
"A violent brawl broke out at a residential area, leading to serious injuries.",Dungarpur,Station B,residential area,2025-03-10,19:09:25,Monday,Monsoon,Victim,Other,33,Other,61,bare hands,car,2,Neighbor,IPC 323 (Assault),Assault,1.02,0.0,0.0,1.0218038856983185
A gang of masked robbers looted a store at a highway.,Dausa,Station C,highway,2024-11-12,17:46:03,Tuesday,Summer,Eyewitness,Female,14,Other,21,stick,bike,5,Stranger,IPC 392 (Robbery),Robbery,0.98,0.0,0.0,0.9794159531593323
The accused physically assaulted the victim using a knife at a market.,Bundi,Station C,market,2024-10-23,10:04:13,Wednesday,Winter,Victim,Male,35,Female,56,knife,scooter,3,Acquaintance,IPC 323 (Assault),Assault,0.82,0.0,0.0,0.8213295936584473
The accused used a bare hands to fatally wound the victim at their residence.,Bhilwara,Station C,market,2024-10-09,14:49:14,Wednesday,Monsoon,Eyewitness,Female,29,Other,37,bare hands,car,5,Stranger,IPC 302 (Murder),Murder,0.99,0.0,0.0,0.9882590174674988
"A heated argument turned violent at the market, injuring one person.",Barmer,Station A,market,2025-01-05,01:16:36,Sunday,Summer,Police,Other,75,Female,32,bare hands,bike,2,Acquaintance,IPC 323 (Assault),Assault,0.64,0.0,0.0,0.63853320479393
A local resident was found murdered in a bus stop under mysterious circumstances.,Jaisalmer,Station C,bus stop,2024-10-16,18:19:11,Wednesday,Summer,Victim,Female,22,Female,46,gun,scooter,3,Neighbor,IPC 302 (Murder),Murder,0.96,0.0,0.0,0.9584812223911285
An incident of rape was reported where the accused lured the victim to a school.,Sirohi,Station B,school,2024-06-03,11:09:10,Monday,Spring,Eyewitness,Male,24,Other,49,bare hands,bike,3,Relative,IPC 376 (Rape),Rape,1.09,0.0,0.0,1.0923691391944885
A rape case was registered involving a Relative in an isolated park.,Salumbar,Station B,park,2025-04-23,14:22:03,Wednesday,Winter,Relative,Male,67,Male,63,gun,auto,4,Relative,IPC 376 (Rape),Rape,1.42,0.0,0.0,1.4202199280261993
Police received a report of assault involving two individuals at a park.,Bikaner,Station C,park,2025-05-27,20:07:26,Tuesday,Monsoon,Victim,Male,18,Female,19,stick,bike,1,Acquaintance,IPC 323 (Assault),Assault,1.02,0.0,0.0,1.0233026146888733
The accused used a knife to fatally wound the victim at their residence.,Rajsamand,Station C,bus stop,2024-06-22,13:58:32,Saturday,Winter,Police,Other,64,Male,47,knife,scooter,5,Friend,IPC 302 (Murder),Murder,1.03,0.0,0.0,1.030611366033554
The victim was robbed at gunpoint while returning home from work.,Barmer,Station B,park,2024-08-19,18:16:26,Monday,Monsoon,Victim,Other,20,Female,18,gun,auto,3,Neighbor,IPC 392 (Robbery),Robbery,1.2,0.0,0.0,1.2045089900493622
The victim reported being sexually assaulted by a Relative in a highway.,Barmer,Station C,highway,2025-05-21,04:28:17,Wednesday,Spring,Eyewitness,Female,22,Female,27,stick,auto,1,Relative,IPC 376 (Rape),Rape,0.74,0.0,0.0,0.7364521622657776
Unknown suspects broke into a market and stole valuables.,Rajsamand,Station B,market,2025-05-19,16:52:39,Monday,Monsoon,Eyewitness,Male,69,Other,69,bare hands,car,3,Friend,IPC 379 (Theft),Theft,1.06,0.0,0.0,1.062130630016327
Police received a report of assault involving two individuals at a residential area.,Dungarpur,Station A,residential area,2024-06-08,19:52:57,Saturday,Winter,Victim,Male,17,Female,55,gun,bike,1,Relative,IPC 323 (Assault),Assault,1.18,0.0,0.0,1.1789687275886536
An incident of rape was reported where the accused lured the victim to a highway.,Barmer,Station B,highway,2024-10-25,01:40:52,Friday,Monsoon,Police,Other,60,Female,24,gun,auto,4,Stranger,IPC 376 (Rape),Rape,1.04,0.0,0.0,1.0392445921897888
A gang of masked robbers looted a store at a school.,Dungarpur,Station A,school,2024-07-16,23:45:23,Tuesday,Winter,Eyewitness,Female,73,Other,15,knife,bike,5,Acquaintance,IPC 392 (Robbery),Robbery,0.9,0.0,0.0,0.9016091823577881
The victim was robbed at gunpoint while returning home from work.,Jodhpur,Station C,residential area,2025-01-23,17:38:49,Thursday,Monsoon,Victim,Other,11,Other,40,gun,auto,2,Stranger,IPC 392 (Robbery),Robbery,1.2,0.0,0.0,1.2045089900493622
Pickpocketing occurred in a crowded park.,Bharatpur,Station C,park,2024-10-05,11:53:25,Saturday,Summer,Relative,Male,38,Female,57,knife,bike,4,Friend,IPC 379 (Theft),Theft,0.81,0.0,0.0,0.8108842670917511
Robbers stormed a house and made away with cash and gold.,Sirohi,Station C,residential area,2025-02-11,13:25:19,Tuesday,Monsoon,Eyewitness,Other,73,Female,31,gun,bike,4,Relative,IPC 392 (Robbery),Robbery,1.0,0.0,0.0,1.004294514656067
A gang of masked robbers looted a store at a highway.,Dholpur,Station B,highway,2024-08-17,08:16:51,Saturday,Spring,Police,Male,44,Male,38,stick,scooter,2,Friend,IPC 392 (Robbery),Robbery,0.98,0.0,0.0,0.9794159531593323
The victim was abducted and raped in a moving vehicle by unknown individuals.,Balotra,Station B,highway,2025-04-24,20:36:07,Thursday,Spring,Eyewitness,Female,60,Other,31,stick,bike,3,Acquaintance,IPC 376 (Rape),Rape,1.08,0.0,0.0,1.0808066725730896
Jewelry and cash were stolen from a market during daytime.,Jodhpur,Station A,market,2025-05-02,18:08:10,Friday,Monsoon,Relative,Other,47,Other,15,knife,scooter,3,Neighbor,IPC 379 (Theft),Theft,1.79,0.8,0.0,0.9854668378829956
The victim was robbed at gunpoint while returning home from work.,Rajsamand,Station B,market,2025-05-28,11:08:17,Wednesday,Monsoon,Victim,Female,77,Female,53,knife,bike,4,Stranger,IPC 392 (Robbery),Robbery,1.2,0.0,0.0,1.2045089900493622
The body of the victim was discovered at a park with signs of struggle.,Sawai Madhopur,Station A,park,2024-12-07,15:49:46,Saturday,Spring,Police,Male,39,Other,38,bare hands,auto,5,Relative,IPC 302 (Murder),Murder,0.8,0.0,0.0,0.8012655973434448
A rape case was registered involving a Acquaintance in an isolated park.,Hanumangarh,Station B,park,2024-08-17,20:26:08,Saturday,Spring,Victim,Female,39,Other,41,stick,scooter,3,Acquaintance,IPC 376 (Rape),Rape,2.19,0.8,0.0,1.3853094577789307
The victim reported being sexually assaulted by a Friend in a school.,Kotputli-Behror,Station A,school,2025-04-07,11:48:06,Monday,Summer,Victim,Female,66,Female,40,knife,bike,4,Friend,IPC 376 (Rape),Rape,1.61,0.8,0.0,0.8050893545150757
The accused forcefully snatched the victim's belongings and fled on a car.,Jhalawar,Station C,park,2024-10-27,12:23:11,Sunday,Monsoon,Relative,Other,50,Other,23,gun,car,2,Acquaintance,IPC 392 (Robbery),Robbery,0.78,0.0,0.0,0.7772024273872375
The victim’s vehicle was broken into and items were stolen.,Pali,Station C,residential area,2025-01-04,15:52:39,Saturday,Monsoon,Eyewitness,Male,59,Female,46,gun,scooter,2,Stranger,IPC 379 (Theft),Theft,1.15,0.0,0.0,1.1471603214740753
The accused physically assaulted the victim using a knife at a highway.,Deeg,Station A,highway,2024-11-15,08:14:55,Friday,Summer,Eyewitness,Male,15,Male,60,knife,car,3,Friend,IPC 323 (Assault),Assault,0.89,0.0,0.0,0.8894864916801453
A theft was reported where items were stolen from a school.,Sawai Madhopur,Station C,school,2024-06-21,10:39:36,Friday,Spring,Eyewitness,Female,67,Male,17,gun,bike,1,Acquaintance,IPC 379 (Theft),Theft,1.14,0.0,0.0,1.142613708972931
The victim was attacked from behind with a stick at a residential area.,Deeg,Station C,residential area,2025-02-14,21:58:23,Friday,Summer,Victim,Other,12,Other,42,stick,car,2,Neighbor,IPC 323 (Assault),Assault,0.93,0.0,0.0,0.930401086807251
Pickpocketing occurred in a crowded market.,Nagaur,Station B,market,2025-01-09,05:16:05,Thursday,Spring,Eyewitness,Female,12,Male,17,bare hands,scooter,1,Relative,IPC 379 (Theft),Theft,0.77,0.0,0.0,0.7711847126483917
The accused physically assaulted the victim using a gun at a school.,Bikaner,Station B,school,2025-02-13,10:30:18,Thursday,Winter,Relative,Female,18,Other,35,gun,bike,2,Relative,IPC 323 (Assault),Assault,0.77,0.0,0.0,0.7719437777996063
"A violent brawl broke out at a bus stop, leading to serious injuries.",Jhalawar,Station B,bus stop,2024-08-20,00:16:10,Tuesday,Monsoon,Relative,Female,61,Other,23,knife,bike,4,Acquaintance,IPC 323 (Assault),Assault,0.81,0.0,0.0,0.808120608329773
The accused forcibly entered the victim’s home and committed the crime.,Jodhpur,Station A,highway,2024-10-20,15:04:09,Sunday,Winter,Police,Female,32,Female,20,bare hands,car,4,Neighbor,IPC 376 (Rape),Rape,1.05,0.0,0.0,1.0499506294727325
The accused physically assaulted the victim using a gun at a highway.,Kota,Station C,highway,2025-05-19,11:53:39,Monday,Summer,Relative,Male,50,Other,39,gun,scooter,3,Acquaintance,IPC 323 (Assault),Assault,0.91,0.0,0.0,0.9104351699352264
"A heated argument turned violent at the school, injuring one person.",Ajmer,Station A,school,2025-01-16,01:29:58,Thursday,Monsoon,Victim,Female,59,Male,57,bare hands,scooter,1,Stranger,IPC 323 (Assault),Assault,0.69,0.0,0.0,0.6881597936153412
The accused forcibly entered the victim’s home and committed the crime.,Karauli,Station C,park,2025-04-01,16:51:31,Tuesday,Monsoon,Eyewitness,Male,18,Other,24,gun,bike,2,Neighbor,IPC 376 (Rape),Rape,1.05,0.0,0.0,1.0499506294727325
Unknown suspects broke into a park and stole valuables.,Beawar,Station B,park,2024-08-15,09:05:04,Thursday,Summer,Eyewitness,Male,68,Male,48,knife,car,5,Friend,IPC 379 (Theft),Theft,1.03,0.0,0.0,1.0262937247753143
A theft was reported where items were stolen from a school.,Sikar,Station C,school,2024-08-29,22:42:26,Thursday,Monsoon,Relative,Female,64,Female,20,bare hands,auto,5,Stranger,IPC 379 (Theft),Theft,1.14,0.0,0.0,1.142613708972931
Police received a report of assault involving two individuals at a market.,Phalodi,Station A,market,2025-02-25,13:58:28,Tuesday,Summer,Relative,Male,73,Female,17,gun,scooter,2,Acquaintance,IPC 323 (Assault),Assault,1.01,0.0,0.0,1.005622386932373
The accused physically assaulted the victim using a bare hands at a residential area.,Jalore,Station C,residential area,2024-09-27,23:07:41,Friday,Monsoon,Eyewitness,Female,58,Other,29,bare hands,bike,1,Acquaintance,IPC 323 (Assault),Assault,0.88,0.0,0.0,0.8818514943122864
The victim reported being sexually assaulted by a Neighbor in a school.,Dungarpur,Station B,school,2025-05-27,05:11:57,Tuesday,Monsoon,Eyewitness,Female,50,Male,64,stick,car,4,Neighbor,IPC 376 (Rape),Rape,0.8,0.0,0.0,0.8048747777938843
"A heated argument turned violent at the market, injuring one person.",Baran,Station B,market,2025-04-06,14:37:35,Sunday,Winter,Victim,Other,76,Female,47,gun,car,3,Relative,IPC 323 (Assault),Assault,0.64,0.0,0.0,0.63853320479393
The accused used a knife to fatally wound the victim at their residence.,Alwar,Station B,park,2024-06-22,08:57:17,Saturday,Monsoon,Victim,Male,67,Other,24,knife,scooter,5,Acquaintance,IPC 302 (Murder),Murder,1.03,0.0,0.0,1.030611366033554
"A violent brawl broke out at a bus stop, leading to serious injuries.",Jalore,Station A,bus stop,2024-12-07,20:37:43,Saturday,Winter,Eyewitness,Male,12,Other,58,knife,scooter,1,Friend,IPC 323 (Assault),Assault,0.81,0.0,0.0,0.808120608329773
"A violent brawl broke out at a residential area, leading to serious injuries.",Balotra,Station B,residential area,2024-07-29,16:50:57,Monday,Monsoon,Police,Other,12,Other,68,gun,car,5,Relative,IPC 323 (Assault),Assault,1.02,0.0,0.0,1.0218038856983185
The victim’s vehicle was broken into and items were stolen.,Sawai Madhopur,Station A,school,2024-06-26,09:41:13,Wednesday,Summer,Eyewitness,Female,48,Other,55,stick,bike,4,Acquaintance,IPC 379 (Theft),Theft,1.15,0.0,0.0,1.1471603214740753
Unknown suspects broke into a highway and stole valuables.,Hanumangarh,Station B,highway,2025-05-19,20:01:59,Monday,Winter,Victim,Female,47,Female,55,knife,car,3,Friend,IPC 379 (Theft),Theft,0.87,0.0,0.0,0.8696705102920532
The victim was attacked and killed using a bare hands at a market.,Sikar,Station B,market,2024-11-17,02:21:27,Sunday,Summer,Eyewitness,Male,27,Male,33,bare hands,car,4,Stranger,IPC 302 (Murder),Murder,1.2,0.0,0.0,1.2031749486923218
Eyewitnesses reported a fatal altercation involving a stick near the school.,Dholpur,Station C,school,2024-10-23,15:11:04,Wednesday,Winter,Victim,Female,38,Other,39,stick,scooter,1,Neighbor,IPC 302 (Murder),Murder,0.78,0.0,0.0,0.7816475629806519
The victim was attacked and killed using a stick at a bus stop.,Dholpur,Station A,bus stop,2024-07-18,12:39:27,Thursday,Monsoon,Victim,Male,50,Female,34,stick,bike,2,Stranger,IPC 302 (Murder),Murder,1.2,0.0,0.0,1.199534922838211
The victim was abducted and raped in a moving vehicle by unknown individuals.,Pratapgarh,Station B,market,2024-12-22,17:33:21,Sunday,Monsoon,Victim,Other,14,Female,33,bare hands,scooter,4,Acquaintance,IPC 376 (Rape),Rape,1.08,0.0,0.0,1.0808066725730896
Unknown suspects broke into a park and stole valuables.,Chittorgarh,Station C,park,2025-02-16,10:15:19,Sunday,Spring,Relative,Other,13,Other,32,gun,scooter,5,Acquaintance,IPC 379 (Theft),Theft,1.03,0.0,0.0,1.0262937247753143
The accused forcibly entered the victim’s home and committed the crime.,Dholpur,Station A,highway,2025-01-20,12:07:46,Monday,Summer,Victim,Other,62,Female,58,knife,car,5,Friend,IPC 376 (Rape),Rape,1.05,0.0,0.0,1.0499506294727325
The victim was robbed at gunpoint while returning home from work.,Jodhpur,Station A,school,2025-03-01,14:42:49,Saturday,Monsoon,Victim,Male,36,Female,29,gun,bike,4,Relative,IPC 392 (Robbery),Robbery,1.2,0.0,0.0,1.2045089900493622
"An armed robbery took place at a school, threatening the occupants.",Deeg,Station C,school,2025-05-29,16:34:16,Thursday,Monsoon,Victim,Female,27,Male,42,knife,auto,3,Stranger,IPC 392 (Robbery),Robbery,1.15,0.0,0.0,1.1535313725471497
Jewelry and cash were stolen from a school during daytime.,Didwana-Kuchaman,Station A,school,2024-06-18,21:20:04,Tuesday,Spring,Relative,Male,10,Female,28,stick,auto,3,Friend,IPC 379 (Theft),Theft,0.86,0.0,0.0,0.8596814274787903
The victim was robbed at gunpoint while returning home from work.,Jodhpur,Station B,residential area,2024-08-31,11:35:20,Saturday,Spring,Victim,Male,37,Female,46,stick,bike,3,Friend,IPC 392 (Robbery),Robbery,1.2,0.0,0.0,1.2045089900493622
The accused physically assaulted the victim using a bare hands at a residential area.,Phalodi,Station A,residential area,2024-10-27,16:25:18,Sunday,Summer,Relative,Female,72,Male,69,bare hands,car,3,Neighbor,IPC 323 (Assault),Assault,0.88,0.0,0.0,0.8818514943122864
The accused forcibly entered the victim’s home and committed the crime.,Sawai Madhopur,Station B,highway,2024-06-11,14:40:42,Tuesday,Winter,Police,Male,76,Female,43,bare hands,car,4,Friend,IPC 376 (Rape),Rape,1.05,0.0,0.0,1.0499506294727325
The accused forcefully snatched the victim's belongings and fled on a bike.,Jalore,Station A,school,2024-05-29,07:16:10,Wednesday,Monsoon,Eyewitness,Other,47,Other,44,knife,bike,4,Neighbor,IPC 392 (Robbery),Robbery,0.77,0.0,0.0,0.7719154357910156
The accused forcefully snatched the victim's belongings and fled on a auto.,Jalore,Station A,highway,2024-11-15,19:58:33,Friday,Spring,Police,Male,30,Male,42,stick,auto,4,Neighbor,IPC 392 (Robbery),Robbery,0.85,0.0,0.0,0.8491199612617493
Eyewitnesses reported a fatal altercation involving a bare hands near the market.,Pratapgarh,Station C,market,2024-10-12,03:28:32,Saturday,Summer,Police,Female,77,Male,45,bare hands,bike,2,Relative,IPC 302 (Murder),Murder,0.97,0.0,0.0,0.9717375040054321
Pickpocketing occurred in a crowded residential area.,Sri Ganganagar,Station C,residential area,2025-04-21,02:57:38,Monday,Winter,Police,Other,57,Other,28,gun,bike,5,Acquaintance,IPC 379 (Theft),Theft,0.91,0.0,0.0,0.9088332653045654
"A violent brawl broke out at a school, leading to serious injuries.",Jalore,Station A,school,2024-07-05,13:05:05,Friday,Winter,Police,Other,21,Other,45,gun,scooter,5,Friend,IPC 323 (Assault),Assault,0.8,0.0,0.0,0.7969265878200531
"A heated argument turned violent at the bus stop, injuring one person.",Sri Ganganagar,Station C,bus stop,2025-01-19,14:00:41,Sunday,Spring,Relative,Other,58,Female,22,stick,car,4,Acquaintance,IPC 323 (Assault),Assault,0.73,0.0,0.0,0.7315022796392441
"A heated argument turned violent at the residential area, injuring one person.",Alwar,Station C,residential area,2025-03-09,12:47:31,Sunday,Monsoon,Victim,Male,41,Male,47,gun,bike,3,Stranger,IPC 323 (Assault),Assault,0.92,0.0,0.0,0.9247208833694458
A gang of masked robbers looted a store at a bus stop.,Karauli,Station A,bus stop,2025-03-12,17:33:35,Wednesday,Summer,Eyewitness,Other,76,Male,22,knife,bike,1,Acquaintance,IPC 392 (Robbery),Robbery,1.05,0.0,0.0,1.0456640124320984
Robbers stormed a house and made away with cash and gold.,Dausa,Station A,park,2024-07-08,17:23:48,Monday,Summer,Eyewitness,Male,50,Other,16,bare hands,bike,4,Stranger,IPC 392 (Robbery),Robbery,1.0,0.0,0.0,1.004294514656067
A rape case was registered involving a Relative in an isolated residential area.,Bundi,Station B,residential area,2025-05-15,01:38:42,Thursday,Summer,Relative,Male,62,Other,41,bare hands,car,5,Relative,IPC 376 (Rape),Rape,1.48,0.0,0.0,1.4788570404052734
The victim was abducted and raped in a moving vehicle by unknown individuals.,Didwana-Kuchaman,Station C,residential area,2024-10-04,10:13:30,Friday,Spring,Relative,Male,40,Female,39,knife,car,3,Friend,IPC 376 (Rape),Rape,1.08,0.0,0.0,1.0808066725730896
The accused physically assaulted the victim using a knife at a market.,Dausa,Station C,market,2025-04-19,11:50:06,Saturday,Winter,Victim,Other,68,Female,24,knife,scooter,4,Friend,IPC 323 (Assault),Assault,0.82,0.0,0.0,0.8213295936584473
A rape case was registered involving a Relative in an isolated highway.,Balotra,Station A,highway,2024-11-20,07:43:00,Wednesday,Winter,Eyewitness,Female,22,Other,28,gun,car,3,Relative,IPC 376 (Rape),Rape,1.36,0.0,0.0,1.3635295629501343
Unknown suspects broke into a school and stole valuables.,Khairthal-Tijara,Station C,school,2024-06-10,23:52:21,Monday,Winter,Eyewitness,Male,65,Female,19,bare hands,bike,1,Friend,IPC 379 (Theft),Theft,0.89,0.0,0.0,0.8891729414463043
Police received a report of assault involving two individuals at a bus stop.,Bundi,Station C,bus stop,2024-11-29,22:18:02,Friday,Summer,Police,Female,29,Other,17,gun,car,4,Stranger,IPC 323 (Assault),Assault,0.92,0.0,0.0,0.9182856380939484
Unknown suspects broke into a residential area and stole valuables.,Dholpur,Station C,residential area,2025-04-11,23:09:42,Friday,Winter,Victim,Male,49,Male,45,gun,bike,4,Stranger,IPC 379 (Theft),Theft,1.14,0.0,0.0,1.1382177472114563
The accused forcibly entered the victim’s home and committed the crime.,Chittorgarh,Station A,highway,2024-12-21,17:49:12,Saturday,Winter,Police,Other,64,Male,28,gun,bike,5,Friend,IPC 376 (Rape),Rape,1.05,0.0,0.0,1.0499506294727325
A rape case was registered involving a Neighbor in an isolated park.,Sawai Madhopur,Station A,park,2024-12-09,05:21:04,Monday,Winter,Relative,Other,22,Other,60,stick,scooter,1,Neighbor,IPC 376 (Rape),Rape,1.35,0.0,0.0,1.3471648693084717
Pickpocketing occurred in a crowded school.,Sirohi,Station C,school,2024-07-18,12:59:42,Thursday,Spring,Relative,Female,14,Female,26,gun,scooter,5,Relative,IPC 379 (Theft),Theft,0.71,0.0,0.0,0.707983061671257
The victim was abducted and raped in a moving vehicle by unknown individuals.,Sawai Madhopur,Station B,school,2025-03-05,09:38:43,Wednesday,Spring,Victim,Other,16,Female,39,knife,auto,3,Acquaintance,IPC 376 (Rape),Rape,1.08,0.0,0.0,1.0808066725730896
Police received a report of assault involving two individuals at a highway.,Bikaner,Station C,highway,2025-02-15,02:28:24,Saturday,Spring,Police,Male,19,Female,69,stick,scooter,1,Neighbor,IPC 323 (Assault),Assault,1.0,0.0,0.0,1.0014241933822632
Jewelry and cash were stolen from a school during daytime.,Banswara,Station A,school,2024-06-02,22:37:48,Sunday,Spring,Victim,Other,71,Other,35,stick,scooter,2,Stranger,IPC 379 (Theft),Theft,0.86,0.0,0.0,0.8596814274787903
The victim was robbed at gunpoint while returning home from work.,Baran,Station B,highway,2025-01-10,10:05:16,Friday,Spring,Victim,Other,12,Other,36,gun,bike,1,Neighbor,IPC 392 (Robbery),Robbery,1.2,0.0,0.0,1.2045089900493622
Jewelry and cash were stolen from a park during daytime.,Jaisalmer,Station C,park,2025-05-17,12:34:15,Saturday,Spring,Victim,Male,28,Male,26,bare hands,scooter,4,Friend,IPC 379 (Theft),Theft,1.81,0.8,0.0,1.009999394416809
The accused forcibly entered the victim’s home and committed the crime.,Baran,Station B,park,2025-04-05,05:54:34,Saturday,Summer,Victim,Other,74,Female,70,stick,car,4,Acquaintance,IPC 376 (Rape),Rape,1.05,0.0,0.0,1.0499506294727325
The accused used a bare hands to fatally wound the victim at their residence.,Sirohi,Station C,residential area,2025-04-12,09:31:25,Saturday,Summer,Victim,Other,59,Male,63,bare hands,car,4,Stranger,IPC 302 (Murder),Murder,0.99,0.0,0.0,0.9882590174674988
Pickpocketing occurred in a crowded bus stop.,Tonk,Station B,bus stop,2025-04-18,18:29:41,Friday,Summer,Police,Other,35,Other,62,bare hands,scooter,3,Relative,IPC 379 (Theft),Theft,0.76,0.0,0.0,0.762970894575119
The accused used a stick to fatally wound the victim at their residence.,Udaipur,Station B,school,2024-08-23,05:17:23,Friday,Monsoon,Relative,Other,27,Other,61,stick,auto,4,Stranger,IPC 302 (Murder),Murder,1.08,0.0,0.0,1.080114483833313
"A violent brawl broke out at a residential area, leading to serious injuries.",Jhalawar,Station B,residential area,2024-07-07,20:37:47,Sunday,Spring,Police,Male,62,Other,46,knife,car,4,Relative,IPC 323 (Assault),Assault,1.02,0.0,0.0,1.0218038856983185
"A heated argument turned violent at the park, injuring one person.",Sikar,Station C,park,2024-10-02,15:34:14,Wednesday,Summer,Eyewitness,Female,32,Female,64,bare hands,car,4,Relative,IPC 323 (Assault),Assault,0.78,0.0,0.0,0.7775819599628448
Jewelry and cash were stolen from a park during daytime.,Nagaur,Station C,park,2024-09-21,01:21:17,Saturday,Monsoon,Relative,Female,43,Female,68,knife,auto,3,Neighbor,IPC 379 (Theft),Theft,1.81,0.8,0.0,1.009999394416809
"An armed robbery took place at a residential area, threatening the occupants.",Salumbar,Station C,residential area,2025-03-18,04:45:17,Tuesday,Spring,Relative,Female,17,Male,36,bare hands,bike,1,Stranger,IPC 392 (Robbery),Robbery,1.47,0.0,0.0,1.473210722208023
A rape case was registered involving a Stranger in an isolated school.,Tonk,Station B,school,2025-03-18,09:26:15,Tuesday,Winter,Police,Male,77,Female,42,stick,auto,3,Stranger,IPC 376 (Rape),Rape,1.36,0.0,0.0,1.3631448447704315
Robbers stormed a house and made away with cash and gold.,Hanumangarh,Station C,market,2025-01-21,02:49:02,Tuesday,Spring,Eyewitness,Male,39,Other,26,knife,car,1,Acquaintance,IPC 392 (Robbery),Robbery,1.0,0.0,0.0,1.004294514656067
Robbers stormed a house and made away with cash and gold.,Jaisalmer,Station B,residential area,2025-04-23,00:52:48,Wednesday,Monsoon,Police,Other,36,Other,68,bare hands,bike,5,Relative,IPC 392 (Robbery),Robbery,1.0,0.0,0.0,1.004294514656067
Police received a report of assault involving two individuals at a school.,Balotra,Station B,school,2024-12-01,16:11:44,Sunday,Summer,Eyewitness,Other,80,Female,61,bare hands,bike,3,Acquaintance,IPC 323 (Assault),Assault,0.97,0.0,0.0,0.974236249923706
The accused forcefully snatched the victim's belongings and fled on a scooter.,Baran,Station B,park,2025-03-31,04:58:22,Monday,Summer,Victim,Male,49,Male,20,stick,scooter,2,Acquaintance,IPC 392 (Robbery),Robbery,0.74,0.0,0.0,0.7399566471576691
"A heated argument turned violent at the park, injuring one person.",Bikaner,Station C,park,2024-12-14,16:59:01,Saturday,Summer,Victim,Other,13,Male,46,gun,auto,1,Stranger,IPC 323 (Assault),Assault,0.78,0.0,0.0,0.7775819599628448
A theft was reported where items were stolen from a park.,Ajmer,Station B,park,2024-08-25,19:27:03,Sunday,Monsoon,Relative,Other,27,Male,50,stick,bike,1,Neighbor,IPC 379 (Theft),Theft,1.37,0.0,0.0,1.3701566755771637
"A violent brawl broke out at a market, leading to serious injuries.",Rajsamand,Station A,market,2024-10-17,14:55:37,Thursday,Spring,Police,Female,73,Female,26,knife,car,1,Relative,IPC 323 (Assault),Assault,0.79,0.0,0.0,0.79172283411026
"A heated argument turned violent at the highway, injuring one person.",Phalodi,Station B,highway,2024-05-29,23:37:05,Wednesday,Winter,Victim,Male,52,Other,48,bare hands,car,4,Acquaintance,IPC 323 (Assault),Assault,0.8,0.0,0.0,0.7952787280082703
The victim was abducted and raped in a moving vehicle by unknown individuals.,Sirohi,Station C,park,2025-05-04,05:23:51,Sunday,Spring,Relative,Female,57,Other,33,stick,car,5,Stranger,IPC 376 (Rape),Rape,1.08,0.0,0.0,1.0808066725730896
A rape case was registered involving a Acquaintance in an isolated residential area.,Hanumangarh,Station A,residential area,2024-08-16,14:58:16,Friday,Monsoon,Relative,Female,45,Male,63,gun,scooter,4,Acquaintance,IPC 376 (Rape),Rape,2.25,0.8,0.0,1.4542447328567505
An incident of rape was reported where the accused lured the victim to a bus stop.,Rajsamand,Station A,bus stop,2024-10-20,19:10:58,Sunday,Monsoon,Relative,Other,50,Other,43,gun,scooter,1,Relative,IPC 376 (Rape),Rape,1.15,0.0,0.0,1.1478746831417084
The victim was robbed at gunpoint while returning home from work.,Bikaner,Station C,residential area,2024-07-29,04:55:42,Monday,Winter,Police,Female,36,Other,30,knife,car,2,Relative,IPC 392 (Robbery),Robbery,1.2,0.0,0.0,1.2045089900493622
A gang of masked robbers looted a store at a bus stop.,Jhalawar,Station C,bus stop,2025-05-29,10:15:16,Thursday,Monsoon,Eyewitness,Male,56,Other,20,bare hands,bike,3,Friend,IPC 392 (Robbery),Robbery,1.05,0.0,0.0,1.0456640124320984
The accused forcefully snatched the victim's belongings and fled on a bike.,Beawar,Station A,bus stop,2025-03-06,02:25:20,Thursday,Monsoon,Police,Female,30,Male,24,gun,bike,4,Friend,IPC 392 (Robbery),Robbery,0.77,0.0,0.0,0.7719154357910156
Jewelry and cash were stolen from a bus stop during daytime.,Didwana-Kuchaman,Station B,bus stop,2025-04-26,05:04:37,Saturday,Summer,Eyewitness,Other,38,Other,57,gun,car,3,Neighbor,IPC 379 (Theft),Theft,1.84,0.8,0.0,1.0364919304847717
The accused forcibly entered the victim’s home and committed the crime.,Nagaur,Station A,bus stop,2024-07-31,00:14:59,Wednesday,Summer,Victim,Female,41,Female,20,bare hands,auto,2,Stranger,IPC 376 (Rape),Rape,1.05,0.0,0.0,1.0499506294727325
"A violent brawl broke out at a residential area, leading to serious injuries.",Balotra,Station A,residential area,2024-10-20,02:12:41,Sunday,Spring,Eyewitness,Other,75,Female,64,knife,scooter,2,Stranger,IPC 323 (Assault),Assault,1.02,0.0,0.0,1.0218038856983185
A rape case was registered involving a Acquaintance in an isolated residential area.,Jaipur,Station A,residential area,2025-03-21,10:24:49,Friday,Monsoon,Police,Other,19,Other,47,bare hands,car,3,Acquaintance,IPC 376 (Rape),Rape,2.25,0.8,0.0,1.4542447328567505
"A violent brawl broke out at a market, leading to serious injuries.",Beawar,Station B,market,2025-03-26,20:01:35,Wednesday,Monsoon,Victim,Other,49,Female,45,bare hands,car,2,Relative,IPC 323 (Assault),Assault,0.79,0.0,0.0,0.79172283411026
The accused used a stick to fatally wound the victim at their residence.,Dausa,Station C,market,2025-02-05,17:30:57,Wednesday,Summer,Police,Other,68,Other,41,stick,bike,5,Friend,IPC 302 (Murder),Murder,1.08,0.0,0.0,1.080114483833313
The victim was attacked from behind with a stick at a bus stop.,Jaipur,Station A,bus stop,2025-02-11,08:42:20,Tuesday,Summer,Relative,Female,10,Male,32,stick,auto,1,Neighbor,IPC 323 (Assault),Assault,0.78,0.0,0.0,0.7840245366096497
The victim reported being sexually assaulted by a Stranger in a highway.,Bharatpur,Station A,highway,2024-06-11,21:35:46,Tuesday,Summer,Police,Other,10,Other,18,bare hands,scooter,4,Stranger,IPC 376 (Rape),Rape,0.74,0.0,0.0,0.7363191694021225
The accused forcefully snatched the victim's belongings and fled on a scooter.,Khairthal-Tijara,Station B,residential area,2025-05-04,00:03:25,Sunday,Monsoon,Victim,Female,31,Other,20,bare hands,scooter,4,Neighbor,IPC 392 (Robbery),Robbery,0.74,0.0,0.0,0.7399566471576691
"A heated argument turned violent at the school, injuring one person.",Jhalawar,Station C,school,2024-09-06,00:10:11,Friday,Monsoon,Victim,Female,43,Other,17,gun,car,5,Stranger,IPC 323 (Assault),Assault,0.69,0.0,0.0,0.6881597936153412
A gang of masked robbers looted a store at a bus stop.,Jalore,Station B,bus stop,2024-07-05,08:18:34,Friday,Summer,Eyewitness,Male,80,Other,15,bare hands,scooter,2,Relative,IPC 392 (Robbery),Robbery,1.05,0.0,0.0,1.0456640124320984
The victim was attacked from behind with a knife at a park.,Didwana-Kuchaman,Station C,park,2025-01-13,08:55:02,Monday,Spring,Victim,Other,11,Male,40,knife,car,4,Acquaintance,IPC 323 (Assault),Assault,0.84,0.0,0.0,0.8399991095066071
The accused used a stick to fatally wound the victim at their residence.,Pratapgarh,Station B,park,2024-10-03,04:24:12,Thursday,Spring,Police,Male,51,Female,37,stick,car,3,Stranger,IPC 302 (Murder),Murder,1.08,0.0,0.0,1.080114483833313
The victim was attacked from behind with a gun at a park.,Chittorgarh,Station A,park,2024-12-22,02:42:54,Sunday,Winter,Victim,Other,29,Female,33,gun,auto,1,Relative,IPC 323 (Assault),Assault,0.88,0.0,0.0,0.8772813677787781
A theft was reported where items were stolen from a park.,Bundi,Station A,park,2024-10-24,03:55:10,Thursday,Monsoon,Police,Female,37,Male,45,gun,scooter,1,Friend,IPC 379 (Theft),Theft,1.37,0.0,0.0,1.3701566755771637
An incident of rape was reported where the accused lured the victim to a highway.,Bundi,Station A,highway,2024-09-25,12:10:33,Wednesday,Winter,Eyewitness,Male,41,Other,41,bare hands,car,3,Relative,IPC 376 (Rape),Rape,1.04,0.0,0.0,1.0392445921897888
The victim was robbed at gunpoint while returning home from work.,Sirohi,Station A,residential area,2025-03-10,13:43:20,Monday,Monsoon,Relative,Female,71,Male,23,stick,bike,2,Relative,IPC 392 (Robbery),Robbery,1.2,0.0,0.0,1.2045089900493622
The accused physically assaulted the victim using a bare hands at a highway.,Kota,Station C,highway,2025-01-05,12:41:33,Sunday,Monsoon,Victim,Female,29,Male,15,bare hands,car,2,Friend,IPC 323 (Assault),Assault,0.81,0.0,0.0,0.8050593137741089
The victim’s vehicle was broken into and items were stolen.,Rajsamand,Station B,highway,2025-02-16,05:05:12,Sunday,Winter,Police,Other,64,Female,62,bare hands,bike,4,Stranger,IPC 379 (Theft),Theft,1.15,0.0,0.0,1.1471603214740753
The accused forcibly entered the victim’s home and committed the crime.,Beawar,Station A,park,2024-07-26,12:49:58,Friday,Spring,Victim,Other,73,Other,22,bare hands,auto,1,Relative,IPC 376 (Rape),Rape,1.05,0.0,0.0,1.0499506294727325
The victim was robbed at gunpoint while returning home from work.,Balotra,Station A,school,2025-02-20,10:32:56,Thursday,Winter,Eyewitness,Male,43,Other,69,bare hands,bike,3,Stranger,IPC 392 (Robbery),Robbery,1.2,0.0,0.0,1.2045089900493622
Robbers stormed a house and made away with cash and gold.,Dungarpur,Station C,park,2024-11-10,01:54:25,Sunday,Monsoon,Victim,Other,28,Female,59,bare hands,bike,5,Acquaintance,IPC 392 (Robbery),Robbery,1.0,0.0,0.0,1.004294514656067
A rape case was registered involving a Acquaintance in an isolated bus stop.,Didwana-Kuchaman,Station B,bus stop,2025-01-12,04:51:41,Sunday,Monsoon,Victim,Other,52,Other,57,knife,scooter,5,Acquaintance,IPC 376 (Rape),Rape,2.17,0.8,0.0,1.3680892288684845
The accused forcibly entered the victim’s home and committed the crime.,Didwana-Kuchaman,Station B,highway,2025-01-31,10:51:41,Friday,Spring,Eyewitness,Female,46,Other,18,bare hands,car,4,Acquaintance,IPC 376 (Rape),Rape,1.05,0.0,0.0,1.0499506294727325
The body of the victim was discovered at a school with signs of struggle.,Dausa,Station C,school,2025-04-21,05:00:04,Monday,Summer,Eyewitness,Other,49,Female,51,stick,auto,4,Stranger,IPC 302 (Murder),Murder,0.64,0.0,0.0,0.635125145316124
The victim’s vehicle was broken into and items were stolen.,Baran,Station A,residential area,2025-01-27,07:45:32,Monday,Monsoon,Eyewitness,Male,66,Female,36,knife,bike,3,Stranger,IPC 379 (Theft),Theft,1.15,0.0,0.0,1.1471603214740753
A rape case was registered involving a Stranger in an isolated highway.,Kotputli-Behror,Station C,highway,2024-12-10,16:55:27,Tuesday,Summer,Relative,Male,25,Other,20,knife,car,4,Stranger,IPC 376 (Rape),Rape,1.3,0.0,0.0,1.3012239933013916
"A heated argument turned violent at the highway, injuring one person.",Kota,Station B,highway,2025-05-27,07:15:21,Tuesday,Spring,Relative,Other,47,Other,70,bare hands,scooter,4,Friend,IPC 323 (Assault),Assault,0.8,0.0,0.0,0.7952787280082703
Robbers stormed a house and made away with cash and gold.,Pratapgarh,Station C,school,2024-12-05,18:22:47,Thursday,Monsoon,Victim,Female,54,Male,19,gun,auto,4,Stranger,IPC 392 (Robbery),Robbery,1.0,0.0,0.0,1.004294514656067
A gang of masked robbers looted a store at a market.,Salumbar,Station B,market,2025-03-27,16:53:30,Thursday,Summer,Victim,Male,68,Female,28,knife,auto,3,Relative,IPC 392 (Robbery),Robbery,1.07,0.0,0.0,1.0719397366046906
A rape case was registered involving a Relative in an isolated park.,Bikaner,Station C,park,2024-09-12,04:50:44,Thursday,Winter,Police,Other,35,Male,39,knife,car,3,Relative,IPC 376 (Rape),Rape,1.42,0.0,0.0,1.4202199280261993
The victim’s vehicle was broken into and items were stolen.,Kota,Station C,highway,2024-07-03,18:56:12,Wednesday,Winter,Relative,Male,57,Other,35,bare hands,scooter,1,Acquaintance,IPC 379 (Theft),Theft,1.15,0.0,0.0,1.1471603214740753
Police received a report of assault involving two individuals at a market.,Tonk,Station C,market,2024-10-12,12:20:50,Saturday,Spring,Relative,Other,26,Female,52,gun,auto,4,Neighbor,IPC 323 (Assault),Assault,1.01,0.0,0.0,1.005622386932373
The accused forcefully snatched the victim's belongings and fled on a car.,Sri Ganganagar,Station A,residential area,2025-03-15,06:46:23,Saturday,Spring,Police,Female,75,Other,28,stick,car,5,Stranger,IPC 392 (Robbery),Robbery,0.78,0.0,0.0,0.7772024273872375
The victim was abducted and raped in a moving vehicle by unknown individuals.,Dholpur,Station C,residential area,2024-07-17,11:03:40,Wednesday,Summer,Police,Female,19,Female,41,bare hands,car,3,Relative,IPC 376 (Rape),Rape,1.08,0.0,0.0,1.0808066725730896
A gang of masked robbers looted a store at a park.,Udaipur,Station B,park,2025-05-29,04:27:07,Thursday,Summer,Eyewitness,Male,27,Male,22,gun,car,4,Relative,IPC 392 (Robbery),Robbery,1.06,0.0,0.0,1.0635316371917725
A gang of masked robbers looted a store at a market.,Dholpur,Station B,market,2025-03-29,04:47:13,Saturday,Monsoon,Police,Other,43,Other,44,stick,bike,4,Stranger,IPC 392 (Robbery),Robbery,1.07,0.0,0.0,1.0719397366046906
A gang of masked robbers looted a store at a highway.,Hanumangarh,Station C,highway,2024-06-30,10:51:27,Sunday,Summer,Victim,Other,28,Other,54,gun,car,5,Stranger,IPC 392 (Robbery),Robbery,0.98,0.0,0.0,0.9794159531593323
Jewelry and cash were stolen from a bus stop during daytime.,Hanumangarh,Station B,bus stop,2024-09-22,18:29:54,Sunday,Summer,Victim,Male,60,Other,29,bare hands,scooter,2,Stranger,IPC 379 (Theft),Theft,1.84,0.8,0.0,1.0364919304847717
The victim was attacked and killed using a bare hands at a bus stop.,Alwar,Station C,bus stop,2024-09-02,10:03:07,Monday,Summer,Eyewitness,Male,50,Other,59,bare hands,car,2,Acquaintance,IPC 302 (Murder),Murder,1.12,0.0,0.0,1.1239883601665497
A local resident was found murdered in a highway under mysterious circumstances.,Kotputli-Behror,Station C,highway,2025-05-01,16:11:05,Thursday,Summer,Victim,Male,42,Other,29,knife,auto,5,Friend,IPC 302 (Murder),Murder,0.91,0.0,0.0,0.9085416197776794
A local resident was found murdered in a market under mysterious circumstances.,Bundi,Station A,market,2025-05-16,19:55:20,Friday,Spring,Eyewitness,Female,57,Other,34,stick,scooter,3,Friend,IPC 302 (Murder),Murder,1.03,0.0,0.0,1.0324283838272095
"An armed robbery took place at a bus stop, threatening the occupants.",Sikar,Station A,bus stop,2024-07-18,17:36:54,Thursday,Spring,Victim,Male,37,Other,37,stick,car,3,Neighbor,IPC 392 (Robbery),Robbery,1.25,0.0,0.0,1.2470667958259583
Police received a report of assault involving two individuals at a residential area.,Beawar,Station C,residential area,2024-05-31,16:26:18,Friday,Spring,Relative,Other,28,Male,62,knife,car,4,Acquaintance,IPC 323 (Assault),Assault,1.18,0.0,0.0,1.1789687275886536
An incident of rape was reported where the accused lured the victim to a residential area.,Sirohi,Station A,residential area,2024-12-04,16:53:12,Wednesday,Winter,Police,Other,62,Female,62,knife,car,4,Relative,IPC 376 (Rape),Rape,1.26,0.0,0.0,1.255059152841568
A theft was reported where items were stolen from a market.,Sikar,Station C,market,2025-04-01,14:48:28,Tuesday,Summer,Police,Other,40,Other,46,stick,auto,5,Friend,IPC 379 (Theft),Theft,1.36,0.0,0.0,1.3614492416381836
The victim was robbed at gunpoint while returning home from work.,Sirohi,Station B,bus stop,2024-07-25,11:54:08,Thursday,Summer,Relative,Other,66,Female,55,knife,car,3,Relative,IPC 392 (Robbery),Robbery,1.2,0.0,0.0,1.2045089900493622
Police received a report of assault involving two individuals at a school.,Alwar,Station C,school,2025-04-24,16:19:06,Thursday,Winter,Victim,Other,39,Male,51,gun,bike,4,Friend,IPC 323 (Assault),Assault,0.97,0.0,0.0,0.974236249923706
The victim was attacked from behind with a knife at a park.,Jaipur,Station C,park,2024-12-11,05:42:05,Wednesday,Monsoon,Relative,Other,71,Male,15,knife,auto,1,Friend,IPC 323 (Assault),Assault,0.84,0.0,0.0,0.8399991095066071
The victim reported being sexually assaulted by a Stranger in a park.,Pratapgarh,Station A,park,2025-03-24,17:41:06,Monday,Spring,Police,Male,57,Female,37,knife,car,3,Stranger,IPC 376 (Rape),Rape,0.91,0.0,0.0,0.9094938039779663
The victim was abducted and raped in a moving vehicle by unknown individuals.,Khairthal-Tijara,Station A,market,2025-02-17,03:10:50,Monday,Summer,Eyewitness,Male,14,Male,47,stick,scooter,1,Neighbor,IPC 376 (Rape),Rape,1.08,0.0,0.0,1.0808066725730896
A gang of masked robbers looted a store at a school.,Kotputli-Behror,Station B,school,2024-07-18,00:28:53,Thursday,Summer,Relative,Other,33,Female,51,bare hands,bike,3,Neighbor,IPC 392 (Robbery),Robbery,0.9,0.0,0.0,0.9016091823577881
The victim was attacked and killed using a stick at a market.,Udaipur,Station C,market,2024-07-21,18:50:19,Sunday,Winter,Relative,Male,16,Female,52,stick,bike,1,Stranger,IPC 302 (Murder),Murder,1.26,0.0,0.0,1.2599238753318787
The accused forcefully snatched the victim's belongings and fled on a scooter.,Jaisalmer,Station C,park,2025-04-07,08:05:58,Monday,Winter,Victim,Female,15,Female,20,gun,scooter,4,Stranger,IPC 392 (Robbery),Robbery,0.74,0.0,0.0,0.7399566471576691
A gang of masked robbers looted a store at a highway.,Sri Ganganagar,Station A,highway,2024-11-08,13:12:00,Friday,Spring,Police,Female,31,Other,70,bare hands,car,2,Stranger,IPC 392 (Robbery),Robbery,0.98,0.0,0.0,0.9794159531593323
A gang of masked robbers looted a store at a park.,Alwar,Station A,park,2025-01-09,23:19:53,Thursday,Summer,Relative,Female,63,Female,62,bare hands,scooter,4,Relative,IPC 392 (Robbery),Robbery,1.06,0.0,0.0,1.0635316371917725
The body of the victim was discovered at a residential area with signs of struggle.,Rajsamand,Station C,residential area,2025-05-07,22:17:41,Wednesday,Winter,Relative,Female,13,Male,69,knife,scooter,5,Relative,IPC 302 (Murder),Murder,0.97,0.0,0.0,0.9746900796890259
The accused used a stick to fatally wound the victim at their residence.,Jaisalmer,Station B,residential area,2025-05-21,00:40:02,Wednesday,Summer,Relative,Other,41,Other,28,stick,scooter,3,Neighbor,IPC 302 (Murder),Murder,1.08,0.0,0.0,1.080114483833313
Jewelry and cash were stolen from a bus stop during daytime.,Karauli,Station A,bus stop,2024-11-19,07:08:51,Tuesday,Summer,Victim,Other,70,Male,69,knife,scooter,2,Friend,IPC 379 (Theft),Theft,1.84,0.8,0.0,1.0364919304847717
The accused forcefully snatched the victim's belongings and fled on a car.,Sri Ganganagar,Station C,residential area,2025-04-22,07:55:58,Tuesday,Spring,Relative,Other,75,Female,70,knife,car,3,Friend,IPC 392 (Robbery),Robbery,0.78,0.0,0.0,0.7772024273872375
"A violent brawl broke out at a school, leading to serious injuries.",Ajmer,Station C,school,2024-10-10,03:13:09,Thursday,Spring,Eyewitness,Female,25,Other,42,bare hands,auto,4,Stranger,IPC 323 (Assault),Assault,0.8,0.0,0.0,0.7969265878200531
The body of the victim was discovered at a bus stop with signs of struggle.,Karauli,Station A,bus stop,2024-07-22,00:05:22,Monday,Winter,Police,Other,55,Male,55,bare hands,bike,5,Stranger,IPC 302 (Murder),Murder,0.76,0.0,0.0,0.7580232918262482
The victim’s vehicle was broken into and items were stolen.,Churu,Station B,residential area,2025-01-23,11:21:52,Thursday,Monsoon,Relative,Other,59,Female,43,gun,auto,3,Neighbor,IPC 379 (Theft),Theft,1.15,0.0,0.0,1.1471603214740753
Pickpocketing occurred in a crowded park.,Barmer,Station B,park,2025-02-13,22:14:03,Thursday,Spring,Relative,Female,72,Male,51,gun,scooter,4,Stranger,IPC 379 (Theft),Theft,0.81,0.0,0.0,0.8108842670917511
Eyewitnesses reported a fatal altercation involving a gun near the highway.,Jaisalmer,Station C,highway,2024-11-03,11:04:01,Sunday,Summer,Police,Female,54,Female,47,gun,auto,2,Relative,IPC 302 (Murder),Murder,0.94,0.0,0.0,0.9391800463199615
An incident of rape was reported where the accused lured the victim to a market.,Sri Ganganagar,Station A,market,2024-08-12,20:21:46,Monday,Spring,Relative,Female,73,Female,21,bare hands,car,2,Neighbor,IPC 376 (Rape),Rape,1.27,0.0,0.0,1.2740156650543213
"A violent brawl broke out at a school, leading to serious injuries.",Sawai Madhopur,Station B,school,2024-08-17,23:19:59,Saturday,Spring,Victim,Male,48,Other,23,stick,bike,1,Stranger,IPC 323 (Assault),Assault,0.8,0.0,0.0,0.7969265878200531
A theft was reported where items were stolen from a residential area.,Ajmer,Station A,residential area,2024-08-04,09:51:42,Sunday,Spring,Victim,Male,71,Female,42,knife,bike,1,Friend,IPC 379 (Theft),Theft,1.42,0.0,0.0,1.420541524887085
An incident of rape was reported where the accused lured the victim to a bus stop.,Bhilwara,Station A,bus stop,2025-02-23,08:03:09,Sunday,Monsoon,Police,Male,57,Male,69,gun,auto,2,Stranger,IPC 376 (Rape),Rape,1.15,0.0,0.0,1.1478746831417084
Unknown suspects broke into a residential area and stole valuables.,Balotra,Station C,residential area,2024-07-19,04:10:16,Friday,Monsoon,Eyewitness,Male,60,Male,43,bare hands,car,4,Relative,IPC 379 (Theft),Theft,1.14,0.0,0.0,1.1382177472114563
A theft was reported where items were stolen from a bus stop.,Banswara,Station B,bus stop,2024-10-10,00:20:17,Thursday,Spring,Police,Other,38,Female,47,gun,auto,5,Friend,IPC 379 (Theft),Theft,1.37,0.0,0.0,1.3653340637683868
An incident of rape was reported where the accused lured the victim to a park.,Dungarpur,Station C,park,2025-05-12,01:23:37,Monday,Spring,Relative,Other,31,Female,53,gun,scooter,1,Stranger,IPC 376 (Rape),Rape,1.2,0.0,0.0,1.201119840145111
The body of the victim was discovered at a market with signs of struggle.,Rajsamand,Station B,market,2025-03-28,10:36:53,Friday,Monsoon,Victim,Male,64,Other,47,bare hands,car,1,Neighbor,IPC 302 (Murder),Murder,0.87,0.0,0.0,0.8729285001754761
A gang of masked robbers looted a store at a park.,Banswara,Station B,park,2024-11-10,10:14:23,Sunday,Monsoon,Victim,Female,56,Other,62,gun,scooter,2,Neighbor,IPC 392 (Robbery),Robbery,1.06,0.0,0.0,1.0635316371917725
The victim was abducted and raped in a moving vehicle by unknown individuals.,Khairthal-Tijara,Station B,market,2024-09-27,18:57:53,Friday,Summer,Victim,Other,21,Female,69,gun,car,5,Relative,IPC 376 (Rape),Rape,1.08,0.0,0.0,1.0808066725730896
"An armed robbery took place at a bus stop, threatening the occupants.",Jaipur,Station B,bus stop,2025-02-26,13:45:24,Wednesday,Monsoon,Police,Other,19,Male,17,gun,car,1,Friend,IPC 392 (Robbery),Robbery,1.25,0.0,0.0,1.2470667958259583
A rape case was registered involving a Relative in an isolated bus stop.,Kota,Station B,bus stop,2025-02-04,23:42:24,Tuesday,Monsoon,Relative,Female,37,Female,26,bare hands,bike,5,Relative,IPC 376 (Rape),Rape,1.43,0.0,0.0,1.428774744272232
Jewelry and cash were stolen from a highway during daytime.,Churu,Station B,highway,2024-08-29,18:49:14,Thursday,Monsoon,Eyewitness,Female,68,Female,60,gun,scooter,4,Friend,IPC 379 (Theft),Theft,1.79,0.8,0.0,0.9935021102428436
The victim was robbed at gunpoint while returning home from work.,Rajsamand,Station C,residential area,2024-09-05,23:19:29,Thursday,Summer,Relative,Female,63,Male,51,bare hands,scooter,2,Friend,IPC 392 (Robbery),Robbery,1.2,0.0,0.0,1.2045089900493622
The victim was attacked from behind with a knife at a residential area.,Bharatpur,Station B,residential area,2024-09-27,12:42:30,Friday,Winter,Relative,Male,56,Female,70,knife,auto,2,Acquaintance,IPC 323 (Assault),Assault,0.96,0.0,0.0,0.9585805535316467
The accused used a gun to fatally wound the victim at their residence.,Churu,Station B,market,2025-04-04,15:45:40,Friday,Summer,Eyewitness,Male,43,Female,19,gun,car,3,Stranger,IPC 302 (Murder),Murder,1.08,0.0,0.0,1.083620309829712
Pickpocketing occurred in a crowded market.,Kotputli-Behror,Station B,market,2024-11-13,15:24:25,Wednesday,Monsoon,Eyewitness,Other,29,Female,69,bare hands,scooter,5,Stranger,IPC 379 (Theft),Theft,0.77,0.0,0.0,0.7711847126483917
The victim was robbed at gunpoint while returning home from work.,Jhunjhunu,Station A,highway,2024-09-04,11:22:32,Wednesday,Monsoon,Relative,Other,37,Male,70,knife,auto,3,Friend,IPC 392 (Robbery),Robbery,1.2,0.0,0.0,1.2045089900493622
The body of the victim was discovered at a residential area with signs of struggle.,Sirohi,Station A,residential area,2025-05-22,05:51:21,Thursday,Spring,Relative,Other,45,Other,48,stick,car,1,Relative,IPC 302 (Murder),Murder,0.97,0.0,0.0,0.9746900796890259
A local resident was found murdered in a highway under mysterious circumstances.,Chittorgarh,Station B,highway,2024-06-07,12:32:39,Friday,Spring,Relative,Female,32,Male,49,stick,auto,3,Neighbor,IPC 302 (Murder),Murder,0.91,0.0,0.0,0.9085416197776794
Pickpocketing occurred in a crowded residential area.,Jaisalmer,Station C,residential area,2024-09-13,11:02:24,Friday,Summer,Police,Male,63,Female,47,knife,auto,2,Acquaintance,IPC 379 (Theft),Theft,0.91,0.0,0.0,0.9088332653045654
An incident of rape was reported where the accused lured the victim to a residential area.,Jaisalmer,Station B,residential area,2024-08-25,15:24:25,Sunday,Summer,Eyewitness,Male,71,Female,30,stick,bike,3,Neighbor,IPC 376 (Rape),Rape,1.26,0.0,0.0,1.255059152841568
The body of the victim was discovered at a market with signs of struggle.,Rajsamand,Station A,market,2024-12-08,00:23:13,Sunday,Winter,Eyewitness,Male,42,Male,63,stick,bike,5,Relative,IPC 302 (Murder),Murder,0.87,0.0,0.0,0.8729285001754761
Police received a report of assault involving two individuals at a highway.,Salumbar,Station B,highway,2024-12-25,21:44:37,Wednesday,Monsoon,Relative,Other,72,Male,23,knife,scooter,2,Acquaintance,IPC 323 (Assault),Assault,1.0,0.0,0.0,1.0014241933822632
Eyewitnesses reported a fatal altercation involving a bare hands near the residential area.,Chittorgarh,Station A,residential area,2025-01-04,09:33:51,Saturday,Monsoon,Victim,Female,18,Other,59,bare hands,bike,4,Acquaintance,IPC 302 (Murder),Murder,1.03,0.0,0.0,1.029870092868805
The accused physically assaulted the victim using a gun at a school.,Jalore,Station C,school,2025-03-02,15:09:12,Sunday,Winter,Victim,Male,21,Male,37,gun,scooter,3,Stranger,IPC 323 (Assault),Assault,0.77,0.0,0.0,0.7719437777996063
The victim was attacked and killed using a bare hands at a bus stop.,Khairthal-Tijara,Station C,bus stop,2025-03-18,22:15:19,Tuesday,Winter,Relative,Other,42,Male,67,bare hands,car,4,Stranger,IPC 302 (Murder),Murder,1.12,0.0,0.0,1.1239883601665497
The victim was attacked and killed using a stick at a highway.,Sirohi,Station A,highway,2025-01-05,22:20:59,Sunday,Spring,Victim,Female,67,Male,41,stick,auto,4,Friend,IPC 302 (Murder),Murder,1.17,0.0,0.0,1.1689032912254333
A theft was reported where items were stolen from a park.,Karauli,Station B,park,2024-07-28,06:33:56,Sunday,Summer,Eyewitness,Male,26,Other,18,bare hands,car,2,Neighbor,IPC 379 (Theft),Theft,1.37,0.0,0.0,1.3701566755771637
"An armed robbery took place at a school, threatening the occupants.",Tonk,Station C,school,2024-07-26,06:40:28,Friday,Summer,Police,Female,51,Female,34,stick,bike,4,Acquaintance,IPC 392 (Robbery),Robbery,1.15,0.0,0.0,1.1535313725471497
Police received a report of assault involving two individuals at a residential area.,Khairthal-Tijara,Station C,residential area,2025-02-24,21:06:12,Monday,Winter,Eyewitness,Female,39,Other,69,stick,scooter,2,Neighbor,IPC 323 (Assault),Assault,1.18,0.0,0.0,1.1789687275886536
"An armed robbery took place at a school, threatening the occupants.",Deeg,Station B,school,2025-01-02,04:21:48,Thursday,Summer,Relative,Other,45,Male,51,bare hands,bike,5,Friend,IPC 392 (Robbery),Robbery,1.15,0.0,0.0,1.1535313725471497
"A heated argument turned violent at the residential area, injuring one person.",Jaipur,Station C,residential area,2024-12-02,01:16:15,Monday,Spring,Police,Male,43,Female,39,bare hands,bike,1,Acquaintance,IPC 323 (Assault),Assault,0.92,0.0,0.0,0.9247208833694458
"A heated argument turned violent at the park, injuring one person.",Bharatpur,Station A,park,2024-12-02,02:44:49,Monday,Summer,Relative,Male,36,Female,48,gun,auto,5,Relative,IPC 323 (Assault),Assault,0.78,0.0,0.0,0.7775819599628448
Eyewitnesses reported a fatal altercation involving a stick near the highway.,Dungarpur,Station A,highway,2024-10-10,21:09:27,Thursday,Monsoon,Police,Male,24,Other,15,stick,car,4,Neighbor,IPC 302 (Murder),Murder,0.9,0.0,0.0,0.9016122221946716
Jewelry and cash were stolen from a highway during daytime.,Dausa,Station A,highway,2024-08-21,02:10:08,Wednesday,Spring,Victim,Other,70,Other,54,knife,car,1,Stranger,IPC 379 (Theft),Theft,1.79,0.8,0.0,0.9935021102428436
The accused physically assaulted the victim using a gun at a bus stop.,Pratapgarh,Station B,bus stop,2024-06-18,22:26:50,Tuesday,Monsoon,Police,Other,55,Other,58,gun,auto,1,Relative,IPC 323 (Assault),Assault,0.75,0.0,0.0,0.7548441588878632
"A heated argument turned violent at the market, injuring one person.",Sikar,Station B,market,2024-06-03,20:58:10,Monday,Winter,Eyewitness,Male,10,Female,62,gun,auto,5,Relative,IPC 323 (Assault),Assault,0.64,0.0,0.0,0.63853320479393
The victim was abducted and raped in a moving vehicle by unknown individuals.,Sikar,Station C,bus stop,2024-12-12,17:01:05,Thursday,Summer,Relative,Female,54,Other,32,stick,scooter,1,Neighbor,IPC 376 (Rape),Rape,1.08,0.0,0.0,1.0808066725730896
An incident of rape was reported where the accused lured the victim to a residential area.,Ajmer,Station C,residential area,2024-11-21,13:17:15,Thursday,Summer,Victim,Other,15,Female,50,bare hands,car,5,Stranger,IPC 376 (Rape),Rape,1.26,0.0,0.0,1.255059152841568
The accused used a knife to fatally wound the victim at their residence.,Barmer,Station C,highway,2025-05-02,07:50:36,Friday,Monsoon,Police,Male,51,Other,47,knife,car,3,Acquaintance,IPC 302 (Murder),Murder,1.03,0.0,0.0,1.030611366033554
"A violent brawl broke out at a bus stop, leading to serious injuries.",Dausa,Station A,bus stop,2025-01-30,10:16:42,Thursday,Monsoon,Victim,Other,44,Male,18,gun,bike,2,Relative,IPC 323 (Assault),Assault,0.81,0.0,0.0,0.808120608329773
An incident of rape was reported where the accused lured the victim to a bus stop.,Sawai Madhopur,Station C,bus stop,2024-10-26,04:57:15,Saturday,Summer,Police,Male,75,Female,54,bare hands,scooter,4,Friend,IPC 376 (Rape),Rape,1.15,0.0,0.0,1.1478746831417084
The victim was attacked and killed using a gun at a school.,Jodhpur,Station B,school,2024-07-18,16:41:38,Thursday,Summer,Victim,Female,64,Male,60,gun,auto,4,Relative,IPC 302 (Murder),Murder,1.08,0.0,0.0,1.084540218114853
Police received a report of assault involving two individuals at a park.,Sikar,Station A,park,2025-05-28,17:44:43,Wednesday,Monsoon,Police,Other,80,Female,35,gun,car,1,Stranger,IPC 323 (Assault),Assault,1.02,0.0,0.0,1.0233026146888733
The accused used a gun to fatally wound the victim at their residence.,Bharatpur,Station A,market,2025-05-02,09:27:06,Friday,Spring,Victim,Male,69,Other,67,gun,scooter,5,Acquaintance,IPC 302 (Murder),Murder,1.08,0.0,0.0,1.083620309829712
The accused forcibly entered the victim’s home and committed the crime.,Kotputli-Behror,Station B,highway,2024-10-03,11:39:46,Thursday,Spring,Police,Other,64,Other,64,bare hands,auto,1,Relative,IPC 376 (Rape),Rape,1.05,0.0,0.0,1.0499506294727325
The victim reported being sexually assaulted by a Friend in a park.,Deeg,Station A,park,2025-01-09,02:01:29,Thursday,Spring,Police,Other,50,Other,31,knife,auto,4,Friend,IPC 376 (Rape),Rape,1.66,0.8,0.0,0.8631212711334229
Police received a report of assault involving two individuals at a bus stop.,Kotputli-Behror,Station B,bus stop,2025-05-21,07:22:06,Wednesday,Summer,Relative,Male,33,Other,15,gun,car,1,Relative,IPC 323 (Assault),Assault,0.92,0.0,0.0,0.9182856380939484
"A violent brawl broke out at a residential area, leading to serious injuries.",Alwar,Station C,residential area,2024-10-27,03:58:43,Sunday,Spring,Victim,Female,24,Female,46,gun,scooter,3,Acquaintance,IPC 323 (Assault),Assault,1.02,0.0,0.0,1.0218038856983185
"A heated argument turned violent at the market, injuring one person.",Karauli,Station A,market,2025-03-27,23:30:08,Thursday,Summer,Victim,Male,78,Female,59,bare hands,scooter,2,Friend,IPC 323 (Assault),Assault,0.64,0.0,0.0,0.63853320479393
Jewelry and cash were stolen from a park during daytime.,Nagaur,Station B,park,2024-08-08,18:08:03,Thursday,Summer,Victim,Male,24,Male,39,knife,scooter,5,Acquaintance,IPC 379 (Theft),Theft,1.81,0.8,0.0,1.009999394416809
The victim was attacked and killed using a knife at a school.,Jodhpur,Station C,school,2024-07-08,14:05:18,Monday,Winter,Victim,Male,18,Male,25,knife,car,1,Neighbor,IPC 302 (Murder),Murder,1.08,0.0,0.0,1.0819514393806458
The accused physically assaulted the victim using a gun at a residential area.,Jaisalmer,Station B,residential area,2024-12-24,16:59:21,Tuesday,Winter,Relative,Male,79,Female,38,gun,scooter,4,Stranger,IPC 323 (Assault),Assault,1.01,0.0,0.0,1.0143404603004456
The accused used a bare hands to fatally wound the victim at their residence.,Bikaner,Station B,school,2025-01-05,21:28:02,Sunday,Spring,Relative,Other,26,Female,60,bare hands,car,1,Stranger,IPC 302 (Murder),Murder,0.99,0.0,0.0,0.9882590174674988
The victim was attacked and killed using a knife at a market.,Kota,Station A,market,2025-05-24,14:47:03,Saturday,Spring,Relative,Male,71,Female,63,knife,bike,3,Neighbor,IPC 302 (Murder),Murder,1.24,0.0,0.0,1.2385053634643555
A theft was reported where items were stolen from a market.,Bhilwara,Station B,market,2024-09-03,09:55:53,Tuesday,Monsoon,Police,Female,41,Other,32,knife,bike,1,Stranger,IPC 379 (Theft),Theft,1.36,0.0,0.0,1.3614492416381836
The accused physically assaulted the victim using a stick at a school.,Sawai Madhopur,Station C,school,2025-02-15,20:01:44,Saturday,Spring,Police,Other,34,Female,44,stick,scooter,2,Neighbor,IPC 323 (Assault),Assault,0.71,0.0,0.0,0.7075212299823761
Robbers stormed a house and made away with cash and gold.,Jaisalmer,Station A,bus stop,2025-02-18,22:01:06,Tuesday,Monsoon,Victim,Female,36,Other,57,knife,auto,5,Acquaintance,IPC 392 (Robbery),Robbery,1.0,0.0,0.0,1.004294514656067
"A heated argument turned violent at the market, injuring one person.",Rajsamand,Station C,market,2024-08-13,11:46:35,Tuesday,Spring,Police,Other,74,Female,46,stick,auto,4,Stranger,IPC 323 (Assault),Assault,0.64,0.0,0.0,0.63853320479393
A theft was reported where items were stolen from a residential area.,Banswara,Station A,residential area,2024-12-19,05:16:21,Thursday,Spring,Relative,Other,79,Female,52,stick,bike,1,Neighbor,IPC 379 (Theft),Theft,1.42,0.0,0.0,1.420541524887085
The accused forcefully snatched the victim's belongings and fled on a car.,Sri Ganganagar,Station A,residential area,2025-05-23,19:43:39,Friday,Spring,Relative,Female,25,Female,32,bare hands,car,1,Relative,IPC 392 (Robbery),Robbery,0.78,0.0,0.0,0.7772024273872375
Eyewitnesses reported a fatal altercation involving a stick near the bus stop.,Pali,Station B,bus stop,2025-01-25,10:35:24,Saturday,Spring,Victim,Male,45,Male,56,stick,car,2,Acquaintance,IPC 302 (Murder),Murder,0.85,0.0,0.0,0.8508493602275848
"An armed robbery took place at a bus stop, threatening the occupants.",Dausa,Station A,bus stop,2025-05-08,20:45:18,Thursday,Winter,Victim,Other,10,Female,30,stick,car,4,Neighbor,IPC 392 (Robbery),Robbery,1.25,0.0,0.0,1.2470667958259583
A local resident was found murdered in a residential area under mysterious circumstances.,Udaipur,Station B,residential area,2024-08-24,06:17:33,Saturday,Summer,Relative,Other,55,Male,54,knife,auto,1,Stranger,IPC 302 (Murder),Murder,1.1,0.0,0.0,1.1024294793605804
The victim was robbed at gunpoint while returning home from work.,Bikaner,Station A,market,2025-03-19,13:33:23,Wednesday,Monsoon,Police,Other,67,Male,57,gun,car,4,Relative,IPC 392 (Robbery),Robbery,1.2,0.0,0.0,1.2045089900493622
An incident of rape was reported where the accused lured the victim to a residential area.,Alwar,Station A,residential area,2024-11-12,21:36:24,Tuesday,Winter,Relative,Male,60,Other,38,gun,auto,4,Neighbor,IPC 376 (Rape),Rape,1.26,0.0,0.0,1.255059152841568
An incident of rape was reported where the accused lured the victim to a school.,Sawai Madhopur,Station B,school,2025-05-04,13:36:19,Sunday,Winter,Eyewitness,Other,74,Male,55,stick,auto,5,Friend,IPC 376 (Rape),Rape,1.09,0.0,0.0,1.0923691391944885
"A violent brawl broke out at a bus stop, leading to serious injuries.",Jhunjhunu,Station C,bus stop,2025-01-13,14:05:20,Monday,Monsoon,Police,Other,59,Male,45,stick,scooter,1,Neighbor,IPC 323 (Assault),Assault,0.81,0.0,0.0,0.808120608329773
An incident of rape was reported where the accused lured the victim to a residential area.,Pali,Station B,residential area,2025-02-18,09:58:16,Tuesday,Spring,Victim,Other,16,Female,18,stick,auto,5,Neighbor,IPC 376 (Rape),Rape,1.26,0.0,0.0,1.255059152841568
"A violent brawl broke out at a residential area, leading to serious injuries.",Bikaner,Station A,residential area,2024-06-03,23:50:43,Monday,Monsoon,Eyewitness,Male,62,Male,65,stick,scooter,5,Stranger,IPC 323 (Assault),Assault,1.02,0.0,0.0,1.0218038856983185
A theft was reported where items were stolen from a market.,Barmer,Station A,market,2025-05-26,00:37:50,Monday,Winter,Relative,Other,14,Other,35,gun,car,1,Acquaintance,IPC 379 (Theft),Theft,1.36,0.0,0.0,1.3614492416381836
The accused physically assaulted the victim using a knife at a school.,Dholpur,Station C,school,2024-10-26,18:43:55,Saturday,Monsoon,Eyewitness,Male,37,Male,27,knife,car,2,Relative,IPC 323 (Assault),Assault,0.79,0.0,0.0,0.7852805256843567
Eyewitnesses reported a fatal altercation involving a knife near the market.,Balotra,Station A,market,2024-06-05,13:34:18,Wednesday,Summer,Relative,Other,35,Male,37,knife,auto,1,Stranger,IPC 302 (Murder),Murder,1.05,0.0,0.0,1.045005351305008
"A violent brawl broke out at a highway, leading to serious injuries.",Barmer,Station B,highway,2024-06-25,15:35:26,Tuesday,Spring,Eyewitness,Female,27,Other,49,bare hands,scooter,3,Neighbor,IPC 323 (Assault),Assault,0.89,0.0,0.0,0.8907482028007507
Pickpocketing occurred in a crowded market.,Churu,Station C,market,2025-03-16,05:57:08,Sunday,Winter,Relative,Female,46,Female,62,bare hands,bike,2,Neighbor,IPC 379 (Theft),Theft,0.77,0.0,0.0,0.7711847126483917
Eyewitnesses reported a fatal altercation involving a stick near the highway.,Jaipur,Station C,highway,2025-02-03,02:13:59,Monday,Summer,Eyewitness,Male,77,Other,63,stick,scooter,4,Acquaintance,IPC 302 (Murder),Murder,0.9,0.0,0.0,0.9016122221946716
The victim was robbed at gunpoint while returning home from work.,Barmer,Station B,school,2024-09-13,18:11:18,Friday,Summer,Eyewitness,Other,12,Other,61,knife,scooter,5,Acquaintance,IPC 392 (Robbery),Robbery,1.2,0.0,0.0,1.2045089900493622
Unknown suspects broke into a highway and stole valuables.,Didwana-Kuchaman,Station C,highway,2024-05-30,15:14:41,Thursday,Spring,Victim,Other,23,Other,15,bare hands,auto,2,Relative,IPC 379 (Theft),Theft,0.87,0.0,0.0,0.8696705102920532
The victim was abducted and raped in a moving vehicle by unknown individuals.,Bundi,Station C,bus stop,2024-08-25,08:23:50,Sunday,Winter,Eyewitness,Female,76,Female,30,bare hands,auto,3,Friend,IPC 376 (Rape),Rape,1.08,0.0,0.0,1.0808066725730896
"An armed robbery took place at a bus stop, threatening the occupants.",Jodhpur,Station C,bus stop,2024-11-10,05:43:56,Sunday,Winter,Relative,Male,68,Female,35,bare hands,auto,3,Neighbor,IPC 392 (Robbery),Robbery,1.25,0.0,0.0,1.2470667958259583
The accused physically assaulted the victim using a gun at a highway.,Kotputli-Behror,Station A,highway,2024-11-03,03:15:37,Sunday,Monsoon,Relative,Female,13,Other,31,gun,car,2,Relative,IPC 323 (Assault),Assault,0.91,0.0,0.0,0.9104351699352264
The accused forcibly entered the victim’s home and committed the crime.,Hanumangarh,Station C,residential area,2025-03-31,13:01:16,Monday,Spring,Victim,Female,36,Other,30,stick,auto,4,Stranger,IPC 376 (Rape),Rape,1.05,0.0,0.0,1.0499506294727325
The victim was abducted and raped in a moving vehicle by unknown individuals.,Pali,Station A,bus stop,2024-09-13,06:40:39,Friday,Spring,Eyewitness,Other,54,Male,35,stick,car,4,Stranger,IPC 376 (Rape),Rape,1.08,0.0,0.0,1.0808066725730896
The victim was attacked and killed using a bare hands at a bus stop.,Nagaur,Station A,bus stop,2025-02-01,16:50:14,Saturday,Monsoon,Police,Male,22,Male,21,bare hands,scooter,4,Stranger,IPC 302 (Murder),Murder,1.12,0.0,0.0,1.1239883601665497
"An armed robbery took place at a market, threatening the occupants.",Pratapgarh,Station A,market,2024-09-09,01:51:15,Monday,Winter,Police,Male,61,Other,56,stick,scooter,2,Friend,IPC 392 (Robbery),Robbery,1.48,0.0,0.0,1.4840591847896576
The victim was attacked from behind with a bare hands at a school.,Karauli,Station C,school,2024-06-26,22:11:55,Wednesday,Monsoon,Eyewitness,Female,20,Other,25,bare hands,scooter,4,Friend,IPC 323 (Assault),Assault,0.73,0.0,0.0,0.7277315855026245
A theft was reported where items were stolen from a school.,Jalore,Station C,school,2024-06-24,06:05:07,Monday,Spring,Police,Other,74,Female,48,bare hands,bike,3,Acquaintance,IPC 379 (Theft),Theft,1.14,0.0,0.0,1.142613708972931
A rape case was registered involving a Acquaintance in an isolated bus stop.,Baran,Station C,bus stop,2024-10-10,19:30:07,Thursday,Summer,Victim,Other,65,Other,67,knife,car,4,Acquaintance,IPC 376 (Rape),Rape,2.17,0.8,0.0,1.3680892288684845
"An armed robbery took place at a highway, threatening the occupants.",Bharatpur,Station B,highway,2024-08-07,04:54:16,Wednesday,Summer,Police,Female,31,Male,18,stick,car,3,Acquaintance,IPC 392 (Robbery),Robbery,1.25,0.0,0.0,1.248801827430725
A local resident was found murdered in a highway under mysterious circumstances.,Nagaur,Station C,highway,2025-03-05,09:54:46,Wednesday,Monsoon,Police,Male,16,Other,51,knife,auto,4,Acquaintance,IPC 302 (Murder),Murder,0.91,0.0,0.0,0.9085416197776794
The body of the victim was discovered at a market with signs of struggle.,Bikaner,Station A,market,2024-09-05,20:35:43,Thursday,Winter,Victim,Other,42,Male,19,knife,auto,5,Acquaintance,IPC 302 (Murder),Murder,0.87,0.0,0.0,0.8729285001754761
Eyewitnesses reported a fatal altercation involving a gun near the bus stop.,Pali,Station C,bus stop,2024-10-10,13:51:55,Thursday,Summer,Eyewitness,Female,29,Male,42,gun,scooter,2,Acquaintance,IPC 302 (Murder),Murder,0.96,0.0,0.0,0.9630680680274963
"A violent brawl broke out at a highway, leading to serious injuries.",Dausa,Station B,highway,2025-02-22,18:37:25,Saturday,Winter,Victim,Male,36,Other,23,knife,bike,1,Relative,IPC 323 (Assault),Assault,0.89,0.0,0.0,0.8907482028007507
Eyewitnesses reported a fatal altercation involving a knife near the park.,Bhilwara,Station A,park,2025-01-05,05:04:58,Sunday,Spring,Relative,Other,60,Female,46,knife,car,1,Stranger,IPC 302 (Murder),Murder,1.02,0.0,0.0,1.023378163576126
Unknown suspects broke into a residential area and stole valuables.,Chittorgarh,Station B,residential area,2024-06-18,15:00:44,Tuesday,Winter,Police,Female,20,Male,60,bare hands,car,3,Friend,IPC 379 (Theft),Theft,1.14,0.0,0.0,1.1382177472114563
The accused used a gun to fatally wound the victim at their residence.,Kota,Station A,market,2025-05-26,04:39:21,Monday,Spring,Police,Male,68,Male,65,gun,scooter,3,Neighbor,IPC 302 (Murder),Murder,1.08,0.0,0.0,1.083620309829712
Jewelry and cash were stolen from a residential area during daytime.,Khairthal-Tijara,Station C,residential area,2024-12-09,19:32:55,Monday,Summer,Eyewitness,Other,55,Female,17,stick,scooter,2,Friend,IPC 379 (Theft),Theft,1.86,0.8,0.0,1.0628212094306946
The accused physically assaulted the victim using a gun at a highway.,Bharatpur,Station B,highway,2024-11-05,05:04:18,Tuesday,Spring,Victim,Other,53,Female,25,gun,scooter,1,Neighbor,IPC 323 (Assault),Assault,0.91,0.0,0.0,0.9104351699352264
A local resident was found murdered in a bus stop under mysterious circumstances.,Dholpur,Station B,bus stop,2025-02-03,10:41:23,Monday,Winter,Eyewitness,Male,31,Male,31,knife,car,2,Friend,IPC 302 (Murder),Murder,0.96,0.0,0.0,0.9584812223911285
"A heated argument turned violent at the school, injuring one person.",Sawai Madhopur,Station A,school,2025-04-28,00:05:59,Monday,Spring,Relative,Other,36,Male,63,stick,scooter,5,Friend,IPC 323 (Assault),Assault,0.69,0.0,0.0,0.6881597936153412
The accused used a knife to fatally wound the victim at their residence.,Dholpur,Station B,residential area,2024-12-19,18:19:35,Thursday,Summer,Victim,Female,75,Female,38,knife,auto,2,Neighbor,IPC 302 (Murder),Murder,1.03,0.0,0.0,1.030611366033554
The victim’s vehicle was broken into and items were stolen.,Tonk,Station C,market,2025-02-26,08:59:58,Wednesday,Winter,Police,Male,77,Female,66,bare hands,bike,4,Friend,IPC 379 (Theft),Theft,1.15,0.0,0.0,1.1471603214740753
The victim reported being sexually assaulted by a Acquaintance in a market.,Jalore,Station A,market,2024-07-22,19:53:50,Monday,Monsoon,Eyewitness,Female,60,Male,46,bare hands,auto,2,Acquaintance,IPC 376 (Rape),Rape,1.7,0.8,0.0,0.9040310382843018
The accused used a stick to fatally wound the victim at their residence.,Dungarpur,Station B,market,2025-03-31,17:15:33,Monday,Monsoon,Police,Male,34,Female,60,stick,bike,3,Stranger,IPC 302 (Murder),Murder,1.08,0.0,0.0,1.080114483833313
The accused used a bare hands to fatally wound the victim at their residence.,Churu,Station B,highway,2024-11-14,19:47:00,Thursday,Monsoon,Victim,Other,42,Male,42,bare hands,scooter,3,Friend,IPC 302 (Murder),Murder,0.99,0.0,0.0,0.9882590174674988
The accused used a knife to fatally wound the victim at their residence.,Sirohi,Station A,bus stop,2024-09-29,22:52:15,Sunday,Monsoon,Victim,Female,80,Female,18,knife,scooter,2,Stranger,IPC 302 (Murder),Murder,1.03,0.0,0.0,1.030611366033554
The accused physically assaulted the victim using a bare hands at a residential area.,Ajmer,Station C,residential area,2025-04-26,22:54:34,Saturday,Monsoon,Victim,Other,19,Other,62,bare hands,car,2,Acquaintance,IPC 323 (Assault),Assault,0.88,0.0,0.0,0.8818514943122864
The accused physically assaulted the victim using a bare hands at a school.,Alwar,Station C,school,2024-11-05,04:03:11,Tuesday,Winter,Police,Female,53,Male,37,bare hands,scooter,4,Relative,IPC 323 (Assault),Assault,0.69,0.0,0.0,0.6909652501344681
The victim reported being sexually assaulted by a Relative in a bus stop.,Dungarpur,Station C,bus stop,2025-04-16,15:16:12,Wednesday,Spring,Police,Male,48,Other,23,stick,car,1,Relative,IPC 376 (Rape),Rape,0.85,0.0,0.0,0.8499226570129395
The victim was attacked and killed using a knife at a park.,Baran,Station C,park,2025-01-20,12:19:06,Monday,Winter,Eyewitness,Other,38,Female,55,knife,bike,4,Stranger,IPC 302 (Murder),Murder,1.28,0.0,0.0,1.2767185270786285
The accused forcefully snatched the victim's belongings and fled on a auto.,Dungarpur,Station C,park,2024-08-04,07:19:03,Sunday,Summer,Police,Male,27,Other,24,knife,auto,3,Acquaintance,IPC 392 (Robbery),Robbery,0.85,0.0,0.0,0.8491199612617493
The body of the victim was discovered at a park with signs of struggle.,Bharatpur,Station C,park,2024-07-13,11:11:36,Saturday,Summer,Eyewitness,Other,44,Other,25,knife,car,5,Stranger,IPC 302 (Murder),Murder,0.8,0.0,0.0,0.8012655973434448
The victim was robbed at gunpoint while returning home from work.,Ajmer,Station C,school,2024-12-23,05:16:44,Monday,Spring,Eyewitness,Male,64,Other,34,stick,car,3,Neighbor,IPC 392 (Robbery),Robbery,1.2,0.0,0.0,1.2045089900493622
Unknown suspects broke into a park and stole valuables.,Udaipur,Station A,park,2024-06-01,02:40:00,Saturday,Summer,Relative,Male,46,Male,51,stick,car,2,Friend,IPC 379 (Theft),Theft,1.03,0.0,0.0,1.0262937247753143
Unknown suspects broke into a highway and stole valuables.,Bhilwara,Station A,highway,2024-07-31,22:18:52,Wednesday,Monsoon,Relative,Other,48,Female,54,gun,auto,4,Neighbor,IPC 379 (Theft),Theft,0.87,0.0,0.0,0.8696705102920532
A rape case was registered involving a Friend in an isolated bus stop.,Didwana-Kuchaman,Station B,bus stop,2024-06-10,16:32:21,Monday,Winter,Police,Male,22,Male,58,stick,scooter,5,Friend,IPC 376 (Rape),Rape,2.18,0.8,0.0,1.3800539374351501
The victim’s vehicle was broken into and items were stolen.,Phalodi,Station C,market,2025-05-21,15:15:26,Wednesday,Winter,Police,Male,67,Other,47,knife,scooter,5,Neighbor,IPC 379 (Theft),Theft,1.15,0.0,0.0,1.1471603214740753
The body of the victim was discovered at a school with signs of struggle.,Beawar,Station B,school,2024-09-16,05:09:48,Monday,Winter,Eyewitness,Other,52,Other,43,bare hands,car,1,Neighbor,IPC 302 (Murder),Murder,0.64,0.0,0.0,0.635125145316124
A local resident was found murdered in a highway under mysterious circumstances.,Bikaner,Station C,highway,2025-02-18,14:36:05,Tuesday,Winter,Victim,Female,43,Female,39,knife,scooter,4,Acquaintance,IPC 302 (Murder),Murder,0.91,0.0,0.0,0.9085416197776794
A theft was reported where items were stolen from a market.,Beawar,Station C,market,2025-04-15,21:59:14,Tuesday,Summer,Relative,Other,60,Female,65,gun,bike,5,Friend,IPC 379 (Theft),Theft,1.36,0.0,0.0,1.3614492416381836
The victim was robbed at gunpoint while returning home from work.,Tonk,Station A,bus stop,2024-06-27,23:00:42,Thursday,Summer,Relative,Male,34,Male,19,gun,auto,4,Acquaintance,IPC 392 (Robbery),Robbery,1.2,0.0,0.0,1.2045089900493622
The victim reported being sexually assaulted by a Stranger in a park.,Beawar,Station C,park,2024-11-06,15:32:29,Wednesday,Spring,Victim,Female,62,Female,27,knife,auto,1,Stranger,IPC 376 (Rape),Rape,0.91,0.0,0.0,0.9094938039779663
Unknown suspects broke into a residential area and stole valuables.,Karauli,Station A,residential area,2025-01-24,04:23:14,Friday,Monsoon,Eyewitness,Female,28,Female,40,gun,bike,5,Friend,IPC 379 (Theft),Theft,1.14,0.0,0.0,1.1382177472114563
Eyewitnesses reported a fatal altercation involving a bare hands near the market.,Bhilwara,Station B,market,2024-11-02,10:34:12,Saturday,Monsoon,Relative,Other,60,Other,39,bare hands,auto,4,Stranger,IPC 302 (Murder),Murder,0.97,0.0,0.0,0.9717375040054321
The accused forcefully snatched the victim's belongings and fled on a auto.,Jhunjhunu,Station B,highway,2025-03-02,16:37:28,Sunday,Spring,Eyewitness,Female,65,Female,60,gun,auto,1,Friend,IPC 392 (Robbery),Robbery,0.85,0.0,0.0,0.8491199612617493
Police received a report of assault involving two individuals at a residential area.,Bhilwara,Station B,residential area,2024-06-22,03:35:15,Saturday,Monsoon,Victim,Other,25,Male,49,knife,car,4,Stranger,IPC 323 (Assault),Assault,1.18,0.0,0.0,1.1789687275886536
"A heated argument turned violent at the school, injuring one person.",Deeg,Station C,school,2024-07-23,10:25:48,Tuesday,Spring,Relative,Female,60,Male,29,bare hands,auto,2,Friend,IPC 323 (Assault),Assault,0.69,0.0,0.0,0.6881597936153412
Unknown suspects broke into a school and stole valuables.,Phalodi,Station C,school,2025-02-03,09:01:50,Monday,Spring,Victim,Other,16,Other,56,knife,car,5,Neighbor,IPC 379 (Theft),Theft,0.89,0.0,0.0,0.8891729414463043
"A violent brawl broke out at a bus stop, leading to serious injuries.",Jhunjhunu,Station A,bus stop,2025-02-23,16:18:04,Sunday,Monsoon,Police,Female,55,Other,40,stick,auto,1,Stranger,IPC 323 (Assault),Assault,0.81,0.0,0.0,0.808120608329773
The body of the victim was discovered at a market with signs of struggle.,Sri Ganganagar,Station C,market,2025-01-31,08:31:11,Friday,Monsoon,Police,Other,12,Male,15,stick,car,3,Acquaintance,IPC 302 (Murder),Murder,0.87,0.0,0.0,0.8729285001754761
Eyewitnesses reported a fatal altercation involving a stick near the bus stop.,Pali,Station B,bus stop,2025-02-17,04:58:49,Monday,Summer,Eyewitness,Female,56,Female,16,stick,car,5,Relative,IPC 302 (Murder),Murder,0.85,0.0,0.0,0.8508493602275848
A rape case was registered involving a Stranger in an isolated bus stop.,Bhilwara,Station C,bus stop,2024-10-31,02:50:21,Thursday,Winter,Eyewitness,Other,68,Other,51,knife,scooter,1,Stranger,IPC 376 (Rape),Rape,1.38,0.0,0.0,1.3831079006195068
Unknown suspects broke into a school and stole valuables.,Tonk,Station A,school,2024-06-03,03:36:30,Monday,Winter,Police,Male,35,Male,26,stick,scooter,2,Friend,IPC 379 (Theft),Theft,0.89,0.0,0.0,0.8891729414463043
The victim’s vehicle was broken into and items were stolen.,Phalodi,Station B,market,2024-07-12,04:30:10,Friday,Winter,Relative,Male,52,Other,67,bare hands,bike,2,Neighbor,IPC 379 (Theft),Theft,1.15,0.0,0.0,1.1471603214740753
"A heated argument turned violent at the market, injuring one person.",Beawar,Station B,market,2024-06-09,22:50:02,Sunday,Spring,Eyewitness,Female,16,Female,35,bare hands,auto,3,Relative,IPC 323 (Assault),Assault,0.64,0.0,0.0,0.63853320479393
A rape case was registered involving a Relative in an isolated residential area.,Jaisalmer,Station A,residential area,2024-12-23,10:38:21,Monday,Monsoon,Police,Male,58,Male,29,bare hands,bike,3,Relative,IPC 376 (Rape),Rape,1.48,0.0,0.0,1.4788570404052734
"A heated argument turned violent at the residential area, injuring one person.",Phalodi,Station B,residential area,2024-08-18,06:04:04,Sunday,Winter,Police,Other,13,Female,52,stick,bike,5,Relative,IPC 323 (Assault),Assault,0.92,0.0,0.0,0.9247208833694458
The victim was robbed at gunpoint while returning home from work.,Khairthal-Tijara,Station C,highway,2024-12-08,11:12:51,Sunday,Summer,Victim,Female,59,Other,69,bare hands,scooter,3,Neighbor,IPC 392 (Robbery),Robbery,1.2,0.0,0.0,1.2045089900493622
The accused forcibly entered the victim’s home and committed the crime.,Jaisalmer,Station A,school,2025-03-31,20:08:30,Monday,Spring,Eyewitness,Female,32,Other,30,bare hands,scooter,1,Acquaintance,IPC 376 (Rape),Rape,1.05,0.0,0.0,1.0499506294727325
The accused forcefully snatched the victim's belongings and fled on a scooter.,Tonk,Station B,park,2024-07-23,23:16:20,Tuesday,Spring,Police,Male,59,Female,65,bare hands,scooter,4,Neighbor,IPC 392 (Robbery),Robbery,0.74,0.0,0.0,0.7399566471576691
"A violent brawl broke out at a park, leading to serious injuries.",Sri Ganganagar,Station B,park,2024-10-24,19:55:13,Thursday,Winter,Victim,Male,49,Female,31,knife,bike,4,Stranger,IPC 323 (Assault),Assault,0.86,0.0,0.0,0.8555434942245483
The victim was attacked and killed using a stick at a residential area.,Bundi,Station C,residential area,2024-12-15,00:21:08,Sunday,Spring,Relative,Female,22,Female,30,stick,car,5,Stranger,IPC 302 (Murder),Murder,1.4,0.0,0.0,1.3996301293373108
The accused forcefully snatched the victim's belongings and fled on a car.,Udaipur,Station B,bus stop,2024-06-13,07:40:34,Thursday,Winter,Relative,Male,70,Male,17,stick,car,1,Relative,IPC 392 (Robbery),Robbery,0.78,0.0,0.0,0.7772024273872375
Robbers stormed a house and made away with cash and gold.,Jhunjhunu,Station C,school,2024-07-05,10:46:32,Friday,Spring,Victim,Male,44,Male,70,gun,scooter,4,Neighbor,IPC 392 (Robbery),Robbery,1.0,0.0,0.0,1.004294514656067
"A heated argument turned violent at the school, injuring one person.",Khairthal-Tijara,Station C,school,2025-01-28,13:23:32,Tuesday,Monsoon,Relative,Male,35,Female,27,gun,auto,4,Acquaintance,IPC 323 (Assault),Assault,0.69,0.0,0.0,0.6881597936153412
Robbers stormed a house and made away with cash and gold.,Jalore,Station C,park,2024-07-21,03:12:44,Sunday,Monsoon,Victim,Other,19,Other,43,stick,auto,5,Neighbor,IPC 392 (Robbery),Robbery,1.0,0.0,0.0,1.004294514656067
The victim’s vehicle was broken into and items were stolen.,Jaipur,Station B,market,2024-09-01,07:12:43,Sunday,Summer,Victim,Other,31,Female,19,bare hands,scooter,1,Relative,IPC 379 (Theft),Theft,1.15,0.0,0.0,1.1471603214740753
The accused used a stick to fatally wound the victim at their residence.,Salumbar,Station A,school,2025-01-31,05:21:48,Friday,Summer,Victim,Female,45,Male,17,stick,auto,3,Relative,IPC 302 (Murder),Murder,1.08,0.0,0.0,1.080114483833313
The accused physically assaulted the victim using a stick at a bus stop.,Bharatpur,Station B,bus stop,2024-11-12,17:20:52,Tuesday,Monsoon,Victim,Other,11,Male,68,stick,car,1,Neighbor,IPC 323 (Assault),Assault,0.71,0.0,0.0,0.7102152407169342
The victim was abducted and raped in a moving vehicle by unknown individuals.,Jhalawar,Station A,market,2024-10-31,23:33:14,Thursday,Monsoon,Eyewitness,Other,67,Male,22,stick,auto,1,Acquaintance,IPC 376 (Rape),Rape,1.08,0.0,0.0,1.0808066725730896
The victim reported being sexually assaulted by a Neighbor in a market.,Dungarpur,Station C,market,2025-01-22,23:16:40,Wednesday,Monsoon,Victim,Male,79,Female,36,gun,car,5,Neighbor,IPC 376 (Rape),Rape,0.95,0.0,0.0,0.9488970637321472
Pickpocketing occurred in a crowded residential area.,Rajsamand,Station A,residential area,2024-09-09,11:02:55,Monday,Monsoon,Victim,Other,17,Female,37,knife,bike,1,Neighbor,IPC 379 (Theft),Theft,0.91,0.0,0.0,0.9088332653045654
A local resident was found murdered in a bus stop under mysterious circumstances.,Hanumangarh,Station B,bus stop,2025-02-21,14:37:11,Friday,Summer,Police,Other,59,Female,23,knife,scooter,4,Relative,IPC 302 (Murder),Murder,0.96,0.0,0.0,0.9584812223911285
The body of the victim was discovered at a park with signs of struggle.,Kota,Station A,park,2025-03-26,01:42:03,Wednesday,Monsoon,Relative,Male,65,Female,69,stick,auto,5,Stranger,IPC 302 (Murder),Murder,0.8,0.0,0.0,0.8012655973434448
Robbers stormed a house and made away with cash and gold.,Deeg,Station B,residential area,2024-12-11,01:14:47,Wednesday,Winter,Police,Male,80,Other,33,gun,scooter,3,Stranger,IPC 392 (Robbery),Robbery,1.0,0.0,0.0,1.004294514656067
A theft was reported where items were stolen from a residential area.,Sri Ganganagar,Station B,residential area,2025-01-12,19:24:44,Sunday,Spring,Police,Female,61,Male,43,knife,bike,5,Stranger,IPC 379 (Theft),Theft,1.42,0.0,0.0,1.420541524887085
The body of the victim was discovered at a market with signs of struggle.,Bikaner,Station B,market,2024-07-22,10:32:59,Monday,Winter,Victim,Other,29,Male,53,bare hands,bike,2,Stranger,IPC 302 (Murder),Murder,0.87,0.0,0.0,0.8729285001754761
The accused forcibly entered the victim’s home and committed the crime.,Hanumangarh,Station C,highway,2025-04-09,10:46:43,Wednesday,Spring,Victim,Male,23,Other,62,stick,bike,5,Friend,IPC 376 (Rape),Rape,1.05,0.0,0.0,1.0499506294727325
The victim was attacked and killed using a gun at a park.,Rajsamand,Station C,park,2024-08-03,21:04:44,Saturday,Summer,Relative,Female,78,Male,59,gun,auto,2,Stranger,IPC 302 (Murder),Murder,1.29,0.0,0.0,1.286775827407837
A local resident was found murdered in a park under mysterious circumstances.,Hanumangarh,Station C,park,2025-01-07,05:54:47,Tuesday,Winter,Relative,Other,15,Male,50,stick,auto,4,Stranger,IPC 302 (Murder),Murder,1.0,0.0,0.0,0.9976097345352173
"A heated argument turned violent at the park, injuring one person.",Phalodi,Station A,park,2025-04-22,19:20:05,Tuesday,Spring,Relative,Male,19,Male,44,stick,scooter,1,Neighbor,IPC 323 (Assault),Assault,0.78,0.0,0.0,0.7775819599628448
A gang of masked robbers looted a store at a market.,Sikar,Station C,market,2024-11-19,10:55:37,Tuesday,Monsoon,Police,Other,55,Female,26,stick,car,4,Acquaintance,IPC 392 (Robbery),Robbery,1.07,0.0,0.0,1.0719397366046906
The accused physically assaulted the victim using a gun at a residential area.,Dausa,Station C,residential area,2024-12-07,13:52:24,Saturday,Summer,Victim,Other,67,Other,16,gun,bike,4,Neighbor,IPC 323 (Assault),Assault,1.01,0.0,0.0,1.0143404603004456
The accused forcibly entered the victim’s home and committed the crime.,Jhunjhunu,Station C,bus stop,2024-12-12,02:59:47,Thursday,Winter,Eyewitness,Female,38,Other,38,knife,bike,1,Neighbor,IPC 376 (Rape),Rape,1.05,0.0,0.0,1.0499506294727325
Pickpocketing occurred in a crowded bus stop.,Dholpur,Station C,bus stop,2025-04-30,11:12:48,Wednesday,Summer,Eyewitness,Male,26,Other,23,bare hands,car,5,Neighbor,IPC 379 (Theft),Theft,0.76,0.0,0.0,0.762970894575119
"A heated argument turned violent at the school, injuring one person.",Alwar,Station A,school,2024-09-16,04:57:03,Monday,Monsoon,Victim,Male,52,Other,35,gun,car,1,Acquaintance,IPC 323 (Assault),Assault,0.69,0.0,0.0,0.6881597936153412
"An armed robbery took place at a school, threatening the occupants.",Jhalawar,Station C,school,2025-02-24,03:23:13,Monday,Winter,Victim,Female,22,Other,68,knife,car,1,Neighbor,IPC 392 (Robbery),Robbery,1.15,0.0,0.0,1.1535313725471497
The victim was robbed at gunpoint while returning home from work.,Bikaner,Station C,park,2024-10-10,20:33:27,Thursday,Summer,Victim,Other,51,Male,42,knife,car,3,Neighbor,IPC 392 (Robbery),Robbery,1.2,0.0,0.0,1.2045089900493622
"A violent brawl broke out at a market, leading to serious injuries.",Sikar,Station A,market,2024-08-02,18:01:57,Friday,Winter,Police,Female,47,Male,62,stick,car,1,Relative,IPC 323 (Assault),Assault,0.79,0.0,0.0,0.79172283411026
"A heated argument turned violent at the school, injuring one person.",Sirohi,Station A,school,2024-10-21,09:04:23,Monday,Summer,Victim,Female,50,Other,30,stick,auto,1,Stranger,IPC 323 (Assault),Assault,0.69,0.0,0.0,0.6881597936153412
The victim was attacked from behind with a gun at a park.,Alwar,Station A,park,2024-08-22,15:49:54,Thursday,Summer,Relative,Female,43,Other,40,gun,car,1,Neighbor,IPC 323 (Assault),Assault,0.88,0.0,0.0,0.8772813677787781
The accused physically assaulted the victim using a stick at a residential area.,Sikar,Station C,residential area,2024-11-19,00:38:49,Tuesday,Summer,Victim,Other,62,Other,44,stick,bike,5,Friend,IPC 323 (Assault),Assault,0.9,0.0,0.0,0.8960457444190979
Robbers stormed a house and made away with cash and gold.,Bharatpur,Station A,market,2024-10-03,02:18:26,Thursday,Spring,Relative,Male,10,Female,63,bare hands,bike,4,Stranger,IPC 392 (Robbery),Robbery,1.0,0.0,0.0,1.004294514656067
Pickpocketing occurred in a crowded highway.,Banswara,Station A,highway,2025-03-16,01:32:44,Sunday,Summer,Victim,Female,19,Other,59,gun,bike,4,Friend,IPC 379 (Theft),Theft,0.76,0.0,0.0,0.7600108981132507
Robbers stormed a house and made away with cash and gold.,Beawar,Station C,highway,2024-10-05,03:41:02,Saturday,Monsoon,Eyewitness,Other,48,Male,52,gun,bike,1,Stranger,IPC 392 (Robbery),Robbery,1.0,0.0,0.0,1.004294514656067
A gang of masked robbers looted a store at a highway.,Karauli,Station C,highway,2025-03-23,15:50:34,Sunday,Monsoon,Police,Male,37,Other,53,bare hands,bike,5,Neighbor,IPC 392 (Robbery),Robbery,0.98,0.0,0.0,0.9794159531593323
Eyewitnesses reported a fatal altercation involving a gun near the residential area.,Jalore,Station A,residential area,2025-04-27,15:27:06,Sunday,Spring,Victim,Female,36,Female,34,gun,auto,5,Neighbor,IPC 302 (Murder),Murder,1.2,0.0,0.0,1.2000762820243835
Pickpocketing occurred in a crowded residential area.,Pali,Station A,residential area,2025-05-17,08:20:19,Saturday,Winter,Police,Other,47,Other,33,stick,car,3,Neighbor,IPC 379 (Theft),Theft,0.91,0.0,0.0,0.9088332653045654
Eyewitnesses reported a fatal altercation involving a knife near the residential area.,Alwar,Station C,residential area,2025-04-13,15:52:51,Sunday,Summer,Victim,Female,48,Male,52,knife,auto,1,Neighbor,IPC 302 (Murder),Murder,1.14,0.0,0.0,1.1363155245780945
The victim was attacked from behind with a stick at a residential area.,Kota,Station B,residential area,2025-01-20,21:08:43,Monday,Spring,Police,Female,43,Male,33,stick,bike,5,Friend,IPC 323 (Assault),Assault,0.93,0.0,0.0,0.930401086807251
The body of the victim was discovered at a highway with signs of struggle.,Sawai Madhopur,Station A,highway,2024-08-10,23:55:31,Saturday,Summer,Victim,Other,45,Other,20,bare hands,bike,4,Acquaintance,IPC 302 (Murder),Murder,0.7,0.0,0.0,0.6960923373699188
The victim was attacked from behind with a gun at a park.,Dungarpur,Station A,park,2024-08-03,22:39:01,Saturday,Summer,Relative,Male,10,Other,55,gun,scooter,2,Friend,IPC 323 (Assault),Assault,0.88,0.0,0.0,0.8772813677787781
The victim’s vehicle was broken into and items were stolen.,Dungarpur,Station A,highway,2024-06-06,10:14:06,Thursday,Spring,Relative,Male,31,Other,62,stick,auto,3,Stranger,IPC 379 (Theft),Theft,1.15,0.0,0.0,1.1471603214740753
A theft was reported where items were stolen from a highway.,Bikaner,Station A,highway,2024-12-07,15:08:08,Saturday,Spring,Police,Other,69,Male,39,gun,bike,5,Stranger,IPC 379 (Theft),Theft,1.34,0.0,0.0,1.3367257118225098
The victim was attacked from behind with a knife at a park.,Deeg,Station C,park,2024-12-04,12:12:36,Wednesday,Summer,Police,Male,40,Male,50,knife,car,1,Friend,IPC 323 (Assault),Assault,0.84,0.0,0.0,0.8399991095066071
Robbers stormed a house and made away with cash and gold.,Sri Ganganagar,Station A,market,2025-05-16,05:15:54,Friday,Summer,Relative,Male,43,Female,27,knife,auto,3,Neighbor,IPC 392 (Robbery),Robbery,1.0,0.0,0.0,1.004294514656067
The victim’s vehicle was broken into and items were stolen.,Phalodi,Station A,bus stop,2025-05-19,04:19:51,Monday,Summer,Police,Male,58,Female,54,gun,auto,4,Relative,IPC 379 (Theft),Theft,1.15,0.0,0.0,1.1471603214740753
A theft was reported where items were stolen from a school.,Jalore,Station A,school,2024-09-25,03:04:24,Wednesday,Winter,Police,Male,33,Female,66,gun,bike,4,Neighbor,IPC 379 (Theft),Theft,1.14,0.0,0.0,1.142613708972931
A gang of masked robbers looted a store at a highway.,Khairthal-Tijara,Station C,highway,2024-06-22,22:24:02,Saturday,Winter,Police,Female,57,Female,62,knife,car,4,Stranger,IPC 392 (Robbery),Robbery,0.98,0.0,0.0,0.9794159531593323
The victim’s vehicle was broken into and items were stolen.,Kotputli-Behror,Station B,market,2024-07-15,05:40:57,Monday,Spring,Police,Other,64,Male,56,stick,auto,1,Acquaintance,IPC 379 (Theft),Theft,1.15,0.0,0.0,1.1471603214740753
The accused forcefully snatched the victim's belongings and fled on a scooter.,Deeg,Station A,school,2024-10-26,16:08:28,Saturday,Monsoon,Police,Female,24,Female,35,gun,scooter,4,Stranger,IPC 392 (Robbery),Robbery,0.74,0.0,0.0,0.7399566471576691
The accused forcibly entered the victim’s home and committed the crime.,Nagaur,Station B,school,2024-10-26,02:50:23,Saturday,Monsoon,Relative,Other,20,Male,41,stick,bike,1,Acquaintance,IPC 376 (Rape),Rape,1.05,0.0,0.0,1.0499506294727325
The victim reported being sexually assaulted by a Relative in a park.,Bharatpur,Station B,park,2024-07-05,17:51:40,Friday,Spring,Relative,Male,10,Other,69,bare hands,auto,1,Relative,IPC 376 (Rape),Rape,0.88,0.0,0.0,0.8767905235290527
Unknown suspects broke into a highway and stole valuables.,Pali,Station C,highway,2025-05-12,01:16:29,Monday,Monsoon,Police,Other,76,Female,53,gun,bike,1,Neighbor,IPC 379 (Theft),Theft,0.87,0.0,0.0,0.8696705102920532
A gang of masked robbers looted a store at a bus stop.,Banswara,Station B,bus stop,2025-01-21,21:52:46,Tuesday,Monsoon,Relative,Female,45,Female,70,knife,bike,5,Friend,IPC 392 (Robbery),Robbery,1.05,0.0,0.0,1.0456640124320984
"A heated argument turned violent at the market, injuring one person.",Didwana-Kuchaman,Station A,market,2024-07-03,06:52:43,Wednesday,Summer,Police,Female,40,Other,35,gun,scooter,4,Stranger,IPC 323 (Assault),Assault,0.64,0.0,0.0,0.63853320479393
The victim was attacked from behind with a bare hands at a market.,Sawai Madhopur,Station B,market,2025-03-20,19:44:52,Thursday,Summer,Police,Female,45,Male,53,bare hands,bike,3,Acquaintance,IPC 323 (Assault),Assault,0.71,0.0,0.0,0.7089028358459473
The accused physically assaulted the victim using a gun at a residential area.,Balotra,Station B,residential area,2025-04-22,14:28:04,Tuesday,Winter,Police,Male,34,Other,69,gun,auto,4,Stranger,IPC 323 (Assault),Assault,1.01,0.0,0.0,1.0143404603004456
Pickpocketing occurred in a crowded school.,Jaisalmer,Station C,school,2024-10-29,07:27:59,Tuesday,Spring,Victim,Male,64,Other,15,stick,car,5,Friend,IPC 379 (Theft),Theft,0.71,0.0,0.0,0.707983061671257
The accused forcefully snatched the victim's belongings and fled on a auto.,Sri Ganganagar,Station B,bus stop,2024-08-06,17:45:22,Tuesday,Monsoon,Relative,Female,39,Other,69,bare hands,auto,1,Friend,IPC 392 (Robbery),Robbery,0.85,0.0,0.0,0.8491199612617493
The victim was attacked from behind with a stick at a bus stop.,Balotra,Station B,bus stop,2025-05-12,13:39:03,Monday,Summer,Eyewitness,Female,61,Female,43,stick,scooter,2,Acquaintance,IPC 323 (Assault),Assault,0.78,0.0,0.0,0.7840245366096497
The body of the victim was discovered at a bus stop with signs of struggle.,Jodhpur,Station A,bus stop,2024-05-30,09:57:18,Thursday,Monsoon,Victim,Other,43,Female,49,knife,car,5,Acquaintance,IPC 302 (Murder),Murder,0.76,0.0,0.0,0.7580232918262482
Police received a report of assault involving two individuals at a park.,Churu,Station C,park,2024-06-20,05:17:23,Thursday,Monsoon,Victim,Male,28,Other,67,stick,auto,2,Friend,IPC 323 (Assault),Assault,1.02,0.0,0.0,1.0233026146888733
The victim’s vehicle was broken into and items were stolen.,Didwana-Kuchaman,Station B,school,2024-09-22,12:34:38,Sunday,Monsoon,Eyewitness,Female,46,Male,22,gun,auto,1,Friend,IPC 379 (Theft),Theft,1.15,0.0,0.0,1.1471603214740753
"A violent brawl broke out at a park, leading to serious injuries.",Sawai Madhopur,Station A,park,2025-04-21,11:03:39,Monday,Winter,Victim,Male,63,Other,30,stick,bike,3,Neighbor,IPC 323 (Assault),Assault,0.86,0.0,0.0,0.8555434942245483
Robbers stormed a house and made away with cash and gold.,Baran,Station C,park,2024-12-20,23:04:26,Friday,Monsoon,Relative,Male,33,Female,58,stick,scooter,3,Friend,IPC 392 (Robbery),Robbery,1.0,0.0,0.0,1.004294514656067
A rape case was registered involving a Acquaintance in an isolated residential area.,Bharatpur,Station C,residential area,2025-02-08,10:39:49,Saturday,Winter,Victim,Female,66,Other,31,bare hands,bike,4,Acquaintance,IPC 376 (Rape),Rape,2.25,0.8,0.0,1.4542447328567505
The victim was abducted and raped in a moving vehicle by unknown individuals.,Deeg,Station C,school,2025-03-21,03:38:54,Friday,Summer,Eyewitness,Male,17,Male,34,bare hands,bike,5,Neighbor,IPC 376 (Rape),Rape,1.08,0.0,0.0,1.0808066725730896
An incident of rape was reported where the accused lured the victim to a school.,Alwar,Station C,school,2024-07-30,03:41:36,Tuesday,Monsoon,Victim,Male,23,Male,52,gun,auto,3,Acquaintance,IPC 376 (Rape),Rape,1.09,0.0,0.0,1.0923691391944885
A rape case was registered involving a Neighbor in an isolated school.,Sawai Madhopur,Station A,school,2024-10-05,19:51:05,Saturday,Winter,Relative,Other,19,Male,59,bare hands,bike,1,Neighbor,IPC 376 (Rape),Rape,1.3,0.0,0.0,1.3036074042320251
The accused forcefully snatched the victim's belongings and fled on a scooter.,Bikaner,Station A,highway,2025-01-28,09:33:03,Tuesday,Winter,Victim,Female,50,Female,64,knife,scooter,5,Friend,IPC 392 (Robbery),Robbery,0.74,0.0,0.0,0.7399566471576691
Police received a report of assault involving two individuals at a market.,Udaipur,Station A,market,2025-01-19,04:55:23,Sunday,Summer,Relative,Female,67,Other,37,knife,car,5,Neighbor,IPC 323 (Assault),Assault,1.01,0.0,0.0,1.005622386932373
Pickpocketing occurred in a crowded market.,Kotputli-Behror,Station C,market,2025-01-27,14:16:05,Monday,Monsoon,Victim,Male,67,Other,49,gun,auto,3,Neighbor,IPC 379 (Theft),Theft,0.77,0.0,0.0,0.7711847126483917
"A heated argument turned violent at the residential area, injuring one person.",Karauli,Station B,residential area,2024-10-27,21:12:04,Sunday,Summer,Victim,Female,66,Other,55,knife,car,5,Acquaintance,IPC 323 (Assault),Assault,0.92,0.0,0.0,0.9247208833694458
The victim was attacked from behind with a bare hands at a park.,Balotra,Station C,park,2025-01-30,05:04:45,Thursday,Spring,Relative,Female,51,Male,19,bare hands,bike,4,Neighbor,IPC 323 (Assault),Assault,0.81,0.0,0.0,0.8075890839099884
The victim was abducted and raped in a moving vehicle by unknown individuals.,Balotra,Station A,school,2025-04-17,14:38:53,Thursday,Monsoon,Relative,Female,71,Female,20,stick,bike,5,Neighbor,IPC 376 (Rape),Rape,1.08,0.0,0.0,1.0808066725730896
The victim’s vehicle was broken into and items were stolen.,Sri Ganganagar,Station B,park,2025-05-29,21:39:17,Thursday,Summer,Police,Female,54,Other,36,stick,scooter,4,Friend,IPC 379 (Theft),Theft,1.15,0.0,0.0,1.1471603214740753
"An armed robbery took place at a park, threatening the occupants.",Sawai Madhopur,Station C,park,2025-04-16,19:12:57,Wednesday,Summer,Relative,Other,44,Male,53,bare hands,scooter,1,Stranger,IPC 392 (Robbery),Robbery,1.42,0.0,0.0,1.4195392727851868
The victim was attacked and killed using a knife at a residential area.,Udaipur,Station C,residential area,2024-12-21,18:13:21,Saturday,Spring,Victim,Male,31,Female,58,knife,bike,2,Neighbor,IPC 302 (Murder),Murder,1.41,0.0,0.0,1.4101700484752655
The body of the victim was discovered at a highway with signs of struggle.,Hanumangarh,Station B,highway,2024-12-04,08:16:37,Wednesday,Winter,Victim,Other,46,Female,42,bare hands,scooter,2,Relative,IPC 302 (Murder),Murder,0.7,0.0,0.0,0.6960923373699188
A gang of masked robbers looted a store at a school.,Salumbar,Station A,school,2025-01-16,08:09:48,Thursday,Summer,Relative,Male,27,Female,56,gun,bike,5,Acquaintance,IPC 392 (Robbery),Robbery,0.9,0.0,0.0,0.9016091823577881
The body of the victim was discovered at a highway with signs of struggle.,Sirohi,Station A,highway,2025-04-22,03:13:14,Tuesday,Summer,Relative,Male,56,Other,67,bare hands,auto,4,Friend,IPC 302 (Murder),Murder,0.7,0.0,0.0,0.6960923373699188
"A heated argument turned violent at the school, injuring one person.",Banswara,Station C,school,2025-03-22,03:24:38,Saturday,Summer,Eyewitness,Female,26,Other,58,stick,bike,4,Neighbor,IPC 323 (Assault),Assault,0.69,0.0,0.0,0.6881597936153412
"An armed robbery took place at a highway, threatening the occupants.",Sikar,Station A,highway,2025-01-09,03:30:21,Thursday,Summer,Relative,Female,32,Other,70,knife,car,5,Neighbor,IPC 392 (Robbery),Robbery,1.25,0.0,0.0,1.248801827430725
The victim reported being sexually assaulted by a Relative in a school.,Kota,Station A,school,2025-03-06,12:28:47,Thursday,Winter,Victim,Female,23,Other,35,knife,bike,3,Relative,IPC 376 (Rape),Rape,0.88,0.0,0.0,0.8824014365673065
"A violent brawl broke out at a bus stop, leading to serious injuries.",Kota,Station C,bus stop,2025-02-16,10:12:36,Sunday,Monsoon,Police,Male,27,Male,28,bare hands,bike,4,Neighbor,IPC 323 (Assault),Assault,0.81,0.0,0.0,0.808120608329773
Police received a report of assault involving two individuals at a market.,Pratapgarh,Station B,market,2024-09-29,12:51:04,Sunday,Summer,Eyewitness,Female,58,Other,25,gun,bike,4,Stranger,IPC 323 (Assault),Assault,1.01,0.0,0.0,1.005622386932373
Pickpocketing occurred in a crowded bus stop.,Didwana-Kuchaman,Station A,bus stop,2024-11-19,01:04:47,Tuesday,Summer,Eyewitness,Female,30,Male,69,stick,bike,4,Stranger,IPC 379 (Theft),Theft,0.76,0.0,0.0,0.762970894575119
The accused used a gun to fatally wound the victim at their residence.,Dholpur,Station A,bus stop,2025-02-04,09:33:42,Tuesday,Spring,Victim,Other,51,Female,59,gun,scooter,3,Friend,IPC 302 (Murder),Murder,1.08,0.0,0.0,1.083620309829712
The victim was robbed at gunpoint while returning home from work.,Pratapgarh,Station B,park,2024-08-27,17:34:18,Tuesday,Spring,Police,Female,30,Female,30,knife,auto,3,Friend,IPC 392 (Robbery),Robbery,1.2,0.0,0.0,1.2045089900493622
An incident of rape was reported where the accused lured the victim to a residential area.,Sri Ganganagar,Station A,residential area,2024-08-18,05:31:16,Sunday,Spring,Police,Other,41,Other,65,gun,scooter,1,Acquaintance,IPC 376 (Rape),Rape,1.26,0.0,0.0,1.255059152841568
An incident of rape was reported where the accused lured the victim to a residential area.,Rajsamand,Station A,residential area,2025-02-13,12:12:58,Thursday,Summer,Police,Other,70,Female,62,knife,scooter,5,Relative,IPC 376 (Rape),Rape,1.26,0.0,0.0,1.255059152841568
The accused forcibly entered the victim’s home and committed the crime.,Bundi,Station B,bus stop,2025-01-21,20:46:37,Tuesday,Winter,Police,Other,12,Female,44,knife,bike,1,Acquaintance,IPC 376 (Rape),Rape,1.05,0.0,0.0,1.0499506294727325
The accused used a knife to fatally wound the victim at their residence.,Chittorgarh,Station B,highway,2024-10-02,20:21:07,Wednesday,Spring,Victim,Female,13,Other,15,knife,bike,1,Relative,IPC 302 (Murder),Murder,1.03,0.0,0.0,1.030611366033554
The accused used a bare hands to fatally wound the victim at their residence.,Sirohi,Station A,residential area,2024-08-13,09:21:11,Tuesday,Winter,Police,Male,49,Other,66,bare hands,car,3,Relative,IPC 302 (Murder),Murder,0.99,0.0,0.0,0.9882590174674988
The victim was attacked from behind with a gun at a market.,Bharatpur,Station A,market,2024-08-21,16:25:33,Wednesday,Monsoon,Police,Female,73,Female,46,gun,car,2,Relative,IPC 323 (Assault),Assault,0.73,0.0,0.0,0.728851318359375
"A violent brawl broke out at a park, leading to serious injuries.",Dholpur,Station A,park,2024-10-08,15:39:45,Tuesday,Spring,Police,Female,47,Female,65,knife,auto,5,Relative,IPC 323 (Assault),Assault,0.86,0.0,0.0,0.8555434942245483
A theft was reported where items were stolen from a residential area.,Sirohi,Station B,residential area,2024-11-23,11:31:41,Saturday,Monsoon,Relative,Male,25,Female,45,gun,scooter,5,Neighbor,IPC 379 (Theft),Theft,1.42,0.0,0.0,1.420541524887085
A gang of masked robbers looted a store at a bus stop.,Salumbar,Station B,bus stop,2024-10-08,19:06:58,Tuesday,Winter,Police,Male,53,Female,67,gun,car,4,Relative,IPC 392 (Robbery),Robbery,1.05,0.0,0.0,1.0456640124320984
Unknown suspects broke into a highway and stole valuables.,Kotputli-Behror,Station B,highway,2024-09-20,13:45:40,Friday,Spring,Police,Male,76,Other,19,bare hands,bike,2,Stranger,IPC 379 (Theft),Theft,0.87,0.0,0.0,0.8696705102920532
The victim was attacked from behind with a stick at a market.,Balotra,Station A,market,2024-07-15,01:22:58,Monday,Monsoon,Victim,Other,35,Male,32,stick,scooter,1,Neighbor,IPC 323 (Assault),Assault,0.7,0.0,0.0,0.7011383324861526
The victim was attacked and killed using a gun at a bus stop.,Kota,Station C,bus stop,2025-05-22,02:45:38,Thursday,Winter,Police,Other,41,Other,63,gun,bike,5,Acquaintance,IPC 302 (Murder),Murder,1.2,0.0,0.0,1.1956493854522705
The victim was abducted and raped in a moving vehicle by unknown individuals.,Baran,Station A,bus stop,2024-12-28,20:43:09,Saturday,Winter,Relative,Male,74,Female,38,knife,scooter,3,Relative,IPC 376 (Rape),Rape,1.08,0.0,0.0,1.0808066725730896
The accused forcibly entered the victim’s home and committed the crime.,Jodhpur,Station C,bus stop,2025-05-09,17:19:28,Friday,Spring,Police,Male,15,Male,32,bare hands,car,3,Friend,IPC 376 (Rape),Rape,1.05,0.0,0.0,1.0499506294727325
The accused physically assaulted the victim using a knife at a market.,Salumbar,Station C,market,2024-07-08,18:01:51,Monday,Spring,Police,Female,45,Other,44,knife,scooter,4,Friend,IPC 323 (Assault),Assault,0.82,0.0,0.0,0.8213295936584473
The victim was robbed at gunpoint while returning home from work.,Udaipur,Station C,school,2024-07-15,21:37:21,Monday,Winter,Victim,Other,22,Male,70,gun,auto,3,Acquaintance,IPC 392 (Robbery),Robbery,1.2,0.0,0.0,1.2045089900493622
"A heated argument turned violent at the bus stop, injuring one person.",Jalore,Station C,bus stop,2024-12-07,01:23:09,Saturday,Winter,Eyewitness,Male,56,Female,18,gun,bike,1,Acquaintance,IPC 323 (Assault),Assault,0.73,0.0,0.0,0.7315022796392441
"An armed robbery took place at a park, threatening the occupants.",Banswara,Station B,park,2024-09-02,04:17:09,Monday,Winter,Relative,Female,33,Female,58,bare hands,scooter,2,Neighbor,IPC 392 (Robbery),Robbery,1.42,0.0,0.0,1.4195392727851868
Robbers stormed a house and made away with cash and gold.,Kotputli-Behror,Station C,bus stop,2025-04-04,07:20:46,Friday,Winter,Eyewitness,Female,52,Female,68,stick,auto,4,Stranger,IPC 392 (Robbery),Robbery,1.0,0.0,0.0,1.004294514656067
The victim was robbed at gunpoint while returning home from work.,Dungarpur,Station B,market,2024-12-13,09:49:46,Friday,Monsoon,Victim,Female,14,Female,15,stick,bike,3,Neighbor,IPC 392 (Robbery),Robbery,1.2,0.0,0.0,1.2045089900493622
Robbers stormed a house and made away with cash and gold.,Chittorgarh,Station B,school,2025-05-29,21:10:04,Thursday,Winter,Police,Other,21,Other,17,knife,auto,4,Friend,IPC 392 (Robbery),Robbery,1.0,0.0,0.0,1.004294514656067
The accused forcibly entered the victim’s home and committed the crime.,Didwana-Kuchaman,Station C,park,2025-04-08,01:10:25,Tuesday,Spring,Eyewitness,Female,49,Male,24,stick,bike,5,Friend,IPC 376 (Rape),Rape,1.05,0.0,0.0,1.0499506294727325
The victim reported being sexually assaulted by a Acquaintance in a market.,Dausa,Station B,market,2025-03-24,03:18:16,Monday,Summer,Eyewitness,Female,20,Other,57,bare hands,scooter,3,Acquaintance,IPC 376 (Rape),Rape,1.7,0.8,0.0,0.9040310382843018
Unknown suspects broke into a bus stop and stole valuables.,Dausa,Station B,bus stop,2025-03-15,19:57:10,Saturday,Winter,Police,Other,71,Female,29,stick,scooter,2,Friend,IPC 379 (Theft),Theft,0.98,0.0,0.0,0.9772862792015076
"A heated argument turned violent at the residential area, injuring one person.",Phalodi,Station C,residential area,2025-03-16,15:41:26,Sunday,Spring,Victim,Other,16,Female,56,gun,auto,3,Stranger,IPC 323 (Assault),Assault,0.92,0.0,0.0,0.9247208833694458
The victim was robbed at gunpoint while returning home from work.,Dungarpur,Station A,residential area,2025-03-30,15:00:36,Sunday,Summer,Relative,Other,30,Female,65,bare hands,bike,2,Acquaintance,IPC 392 (Robbery),Robbery,1.2,0.0,0.0,1.2045089900493622
The victim’s vehicle was broken into and items were stolen.,Kotputli-Behror,Station C,highway,2024-06-07,21:45:25,Friday,Monsoon,Police,Female,45,Female,46,bare hands,auto,3,Friend,IPC 379 (Theft),Theft,1.15,0.0,0.0,1.1471603214740753
The victim was attacked and killed using a stick at a park.,Barmer,Station C,park,2024-05-30,18:44:20,Thursday,Spring,Victim,Male,32,Female,65,stick,car,3,Relative,IPC 302 (Murder),Murder,1.24,0.0,0.0,1.237499713897705
The victim was robbed at gunpoint while returning home from work.,Barmer,Station A,park,2025-04-24,05:24:01,Thursday,Summer,Police,Male,30,Female,26,gun,bike,1,Acquaintance,IPC 392 (Robbery),Robbery,1.2,0.0,0.0,1.2045089900493622
"A violent brawl broke out at a park, leading to serious injuries.",Kotputli-Behror,Station C,park,2024-10-03,09:43:02,Thursday,Monsoon,Police,Female,67,Male,38,bare hands,bike,2,Acquaintance,IPC 323 (Assault),Assault,0.86,0.0,0.0,0.8555434942245483
Unknown suspects broke into a market and stole valuables.,Sawai Madhopur,Station B,market,2025-03-17,14:05:17,Monday,Spring,Victim,Male,18,Male,35,bare hands,scooter,5,Acquaintance,IPC 379 (Theft),Theft,1.06,0.0,0.0,1.062130630016327
Robbers stormed a house and made away with cash and gold.,Khairthal-Tijara,Station A,bus stop,2024-08-17,15:03:38,Saturday,Summer,Police,Other,66,Male,23,knife,car,5,Relative,IPC 392 (Robbery),Robbery,1.0,0.0,0.0,1.004294514656067
Eyewitnesses reported a fatal altercation involving a gun near the school.,Barmer,Station C,school,2024-07-14,15:35:08,Sunday,Spring,Police,Other,64,Female,24,gun,bike,2,Friend,IPC 302 (Murder),Murder,0.84,0.0,0.0,0.8403117656707764
The victim reported being sexually assaulted by a Stranger in a school.,Jhalawar,Station B,school,2025-01-31,12:09:04,Friday,Monsoon,Eyewitness,Male,66,Female,30,stick,car,5,Stranger,IPC 376 (Rape),Rape,0.86,0.0,0.0,0.8614892363548279
"An armed robbery took place at a school, threatening the occupants.",Kotputli-Behror,Station B,school,2024-08-30,19:07:47,Friday,Winter,Eyewitness,Male,42,Male,35,knife,auto,2,Stranger,IPC 392 (Robbery),Robbery,1.15,0.0,0.0,1.1535313725471497
"A violent brawl broke out at a highway, leading to serious injuries.",Pali,Station C,highway,2025-01-28,23:43:18,Tuesday,Summer,Victim,Male,17,Female,29,stick,scooter,1,Acquaintance,IPC 323 (Assault),Assault,0.89,0.0,0.0,0.8907482028007507
The victim’s vehicle was broken into and items were stolen.,Kotputli-Behror,Station B,school,2025-02-04,06:47:58,Tuesday,Summer,Police,Female,38,Other,58,bare hands,scooter,5,Stranger,IPC 379 (Theft),Theft,1.15,0.0,0.0,1.1471603214740753
"A heated argument turned violent at the highway, injuring one person.",Sri Ganganagar,Station A,highway,2024-11-30,17:45:19,Saturday,Spring,Police,Other,38,Female,61,stick,auto,5,Friend,IPC 323 (Assault),Assault,0.8,0.0,0.0,0.7952787280082703
Eyewitnesses reported a fatal altercation involving a gun near the market.,Sawai Madhopur,Station B,market,2024-08-23,17:17:02,Friday,Spring,Victim,Other,17,Male,40,gun,car,1,Neighbor,IPC 302 (Murder),Murder,1.1,0.0,0.0,1.1033974885940552
A gang of masked robbers looted a store at a residential area.,Salumbar,Station A,residential area,2024-08-27,04:16:45,Tuesday,Spring,Victim,Male,58,Other,31,bare hands,scooter,2,Stranger,IPC 392 (Robbery),Robbery,1.14,0.0,0.0,1.1413362622261047
Unknown suspects broke into a market and stole valuables.,Beawar,Station C,market,2025-03-15,06:22:00,Saturday,Monsoon,Eyewitness,Male,14,Female,21,knife,car,3,Neighbor,IPC 379 (Theft),Theft,1.06,0.0,0.0,1.062130630016327
The victim reported being sexually assaulted by a Friend in a park.,Bundi,Station C,park,2024-12-14,20:38:13,Saturday,Spring,Victim,Male,57,Male,67,gun,scooter,4,Friend,IPC 376 (Rape),Rape,1.66,0.8,0.0,0.8631212711334229
"An armed robbery took place at a residential area, threatening the occupants.",Bikaner,Station C,residential area,2025-02-16,18:20:37,Sunday,Monsoon,Relative,Other,27,Male,41,gun,car,5,Neighbor,IPC 392 (Robbery),Robbery,1.47,0.0,0.0,1.473210722208023
The accused forcefully snatched the victim's belongings and fled on a car.,Dholpur,Station C,market,2024-10-02,05:06:51,Wednesday,Monsoon,Relative,Female,28,Female,69,gun,car,1,Stranger,IPC 392 (Robbery),Robbery,0.78,0.0,0.0,0.7772024273872375
"An armed robbery took place at a highway, threatening the occupants.",Churu,Station B,highway,2024-08-24,20:09:54,Saturday,Spring,Victim,Other,63,Female,56,knife,car,2,Relative,IPC 392 (Robbery),Robbery,1.25,0.0,0.0,1.248801827430725
"A violent brawl broke out at a bus stop, leading to serious injuries.",Hanumangarh,Station B,bus stop,2025-01-08,10:23:05,Wednesday,Monsoon,Police,Female,80,Other,62,gun,car,2,Stranger,IPC 323 (Assault),Assault,0.81,0.0,0.0,0.808120608329773
The accused used a stick to fatally wound the victim at their residence.,Jhalawar,Station A,bus stop,2025-05-20,21:34:03,Tuesday,Winter,Relative,Other,67,Male,21,stick,auto,1,Relative,IPC 302 (Murder),Murder,1.08,0.0,0.0,1.080114483833313
"An armed robbery took place at a bus stop, threatening the occupants.",Jhunjhunu,Station A,bus stop,2025-01-31,05:29:31,Friday,Spring,Police,Female,52,Other,25,bare hands,bike,4,Relative,IPC 392 (Robbery),Robbery,1.25,0.0,0.0,1.2470667958259583
The victim was abducted and raped in a moving vehicle by unknown individuals.,Sikar,Station B,school,2025-03-23,11:51:01,Sunday,Spring,Police,Female,79,Other,41,knife,auto,3,Neighbor,IPC 376 (Rape),Rape,1.08,0.0,0.0,1.0808066725730896
The accused used a knife to fatally wound the victim at their residence.,Beawar,Station A,school,2025-03-15,14:18:37,Saturday,Winter,Victim,Female,63,Female,34,knife,auto,4,Acquaintance,IPC 302 (Murder),Murder,1.03,0.0,0.0,1.030611366033554
"A violent brawl broke out at a highway, leading to serious injuries.",Udaipur,Station C,highway,2024-07-21,18:28:51,Sunday,Monsoon,Relative,Other,41,Other,45,bare hands,car,1,Friend,IPC 323 (Assault),Assault,0.89,0.0,0.0,0.8907482028007507
The victim was attacked and killed using a bare hands at a residential area.,Dholpur,Station C,residential area,2025-02-15,12:40:13,Saturday,Monsoon,Police,Male,33,Other,28,bare hands,scooter,5,Acquaintance,IPC 302 (Murder),Murder,1.35,0.0,0.0,1.348424881696701
"A violent brawl broke out at a market, leading to serious injuries.",Udaipur,Station B,market,2025-01-31,04:42:16,Friday,Summer,Relative,Other,80,Male,54,gun,scooter,3,Relative,IPC 323 (Assault),Assault,0.79,0.0,0.0,0.79172283411026
The accused forcibly entered the victim’s home and committed the crime.,Deeg,Station C,park,2024-12-27,09:26:01,Friday,Monsoon,Relative,Female,50,Male,43,knife,bike,3,Stranger,IPC 376 (Rape),Rape,1.05,0.0,0.0,1.0499506294727325
"A violent brawl broke out at a highway, leading to serious injuries.",Kota,Station A,highway,2025-01-20,14:49:43,Monday,Winter,Police,Female,25,Male,45,knife,bike,4,Relative,IPC 323 (Assault),Assault,0.89,0.0,0.0,0.8907482028007507
A local resident was found murdered in a market under mysterious circumstances.,Khairthal-Tijara,Station C,market,2024-11-16,04:08:15,Saturday,Winter,Police,Other,14,Other,56,knife,auto,2,Neighbor,IPC 302 (Murder),Murder,1.03,0.0,0.0,1.0324283838272095
A theft was reported where items were stolen from a bus stop.,Jodhpur,Station B,bus stop,2025-01-18,02:05:54,Saturday,Summer,Police,Female,33,Other,17,gun,auto,1,Acquaintance,IPC 379 (Theft),Theft,1.37,0.0,0.0,1.3653340637683868
The accused forcefully snatched the victim's belongings and fled on a auto.,Khairthal-Tijara,Station C,school,2024-08-15,10:44:40,Thursday,Winter,Relative,Male,70,Male,59,bare hands,auto,4,Neighbor,IPC 392 (Robbery),Robbery,0.85,0.0,0.0,0.8491199612617493
Robbers stormed a house and made away with cash and gold.,Baran,Station C,school,2024-06-12,07:19:26,Wednesday,Monsoon,Eyewitness,Other,62,Female,41,stick,bike,4,Neighbor,IPC 392 (Robbery),Robbery,1.0,0.0,0.0,1.004294514656067
Pickpocketing occurred in a crowded school.,Salumbar,Station C,school,2024-10-22,16:46:19,Tuesday,Winter,Police,Female,41,Female,19,stick,bike,1,Neighbor,IPC 379 (Theft),Theft,0.71,0.0,0.0,0.707983061671257
The victim reported being sexually assaulted by a Neighbor in a bus stop.,Sirohi,Station A,bus stop,2024-12-30,19:28:59,Monday,Summer,Police,Female,54,Female,33,bare hands,car,1,Neighbor,IPC 376 (Rape),Rape,0.83,0.0,0.0,0.829832911491394
Unknown suspects broke into a highway and stole valuables.,Chittorgarh,Station C,highway,2025-02-21,00:57:41,Friday,Monsoon,Police,Male,31,Other,70,stick,scooter,2,Relative,IPC 379 (Theft),Theft,0.87,0.0,0.0,0.8696705102920532
The victim was attacked and killed using a bare hands at a highway.,Khairthal-Tijara,Station A,highway,2024-12-21,03:19:11,Saturday,Winter,Police,Female,10,Female,67,bare hands,bike,1,Neighbor,IPC 302 (Murder),Murder,1.09,0.0,0.0,1.0928656160831451
The accused forcefully snatched the victim's belongings and fled on a car.,Sikar,Station C,highway,2025-05-14,08:02:18,Wednesday,Spring,Relative,Male,70,Other,28,gun,car,5,Acquaintance,IPC 392 (Robbery),Robbery,0.78,0.0,0.0,0.7772024273872375
The accused physically assaulted the victim using a gun at a highway.,Jalore,Station A,highway,2025-05-26,03:11:06,Monday,Winter,Victim,Female,48,Other,35,gun,scooter,2,Relative,IPC 323 (Assault),Assault,0.91,0.0,0.0,0.9104351699352264
A local resident was found murdered in a residential area under mysterious circumstances.,Beawar,Station C,residential area,2024-09-21,09:43:17,Saturday,Summer,Relative,Male,68,Male,31,bare hands,car,5,Friend,IPC 302 (Murder),Murder,1.1,0.0,0.0,1.1024294793605804
"A heated argument turned violent at the bus stop, injuring one person.",Jhunjhunu,Station C,bus stop,2024-12-28,16:51:09,Saturday,Summer,Police,Other,68,Other,70,bare hands,scooter,5,Relative,IPC 323 (Assault),Assault,0.73,0.0,0.0,0.7315022796392441
Police received a report of assault involving two individuals at a park.,Sirohi,Station B,park,2024-11-11,16:34:48,Monday,Summer,Victim,Female,40,Female,31,gun,auto,3,Acquaintance,IPC 323 (Assault),Assault,1.02,0.0,0.0,1.0233026146888733
Eyewitnesses reported a fatal altercation involving a gun near the bus stop.,Tonk,Station B,bus stop,2024-09-27,05:44:19,Friday,Spring,Victim,Female,40,Other,63,gun,scooter,2,Neighbor,IPC 302 (Murder),Murder,0.96,0.0,0.0,0.9630680680274963
The accused forcibly entered the victim’s home and committed the crime.,Hanumangarh,Station A,highway,2025-01-19,07:50:41,Sunday,Monsoon,Relative,Other,20,Male,39,stick,auto,2,Stranger,IPC 376 (Rape),Rape,1.05,0.0,0.0,1.0499506294727325
An incident of rape was reported where the accused lured the victim to a park.,Jhalawar,Station B,park,2024-11-07,05:27:17,Thursday,Winter,Victim,Other,17,Other,50,knife,auto,2,Relative,IPC 376 (Rape),Rape,1.2,0.0,0.0,1.201119840145111
An incident of rape was reported where the accused lured the victim to a highway.,Nagaur,Station A,highway,2024-09-27,16:00:09,Friday,Monsoon,Police,Other,46,Male,51,knife,auto,4,Stranger,IPC 376 (Rape),Rape,1.04,0.0,0.0,1.0392445921897888
Unknown suspects broke into a bus stop and stole valuables.,Kota,Station C,bus stop,2024-09-25,20:36:30,Wednesday,Monsoon,Relative,Other,65,Other,48,stick,bike,4,Friend,IPC 379 (Theft),Theft,0.98,0.0,0.0,0.9772862792015076
Jewelry and cash were stolen from a market during daytime.,Balotra,Station A,market,2025-03-05,14:37:59,Wednesday,Spring,Police,Other,53,Male,59,gun,scooter,3,Relative,IPC 379 (Theft),Theft,1.79,0.8,0.0,0.9854668378829956
Pickpocketing occurred in a crowded park.,Barmer,Station C,park,2024-12-02,12:13:05,Monday,Monsoon,Victim,Female,50,Female,28,gun,bike,4,Neighbor,IPC 379 (Theft),Theft,0.81,0.0,0.0,0.8108842670917511
Pickpocketing occurred in a crowded residential area.,Bhilwara,Station B,residential area,2025-03-14,11:32:44,Friday,Winter,Police,Male,39,Other,59,stick,auto,1,Friend,IPC 379 (Theft),Theft,0.91,0.0,0.0,0.9088332653045654
The accused physically assaulted the victim using a knife at a residential area.,Nagaur,Station A,residential area,2024-12-03,20:52:31,Tuesday,Spring,Eyewitness,Male,44,Female,64,knife,auto,5,Friend,IPC 323 (Assault),Assault,0.98,0.0,0.0,0.9764558672904968
Jewelry and cash were stolen from a school during daytime.,Chittorgarh,Station C,school,2024-09-01,12:23:09,Sunday,Monsoon,Eyewitness,Other,70,Female,51,bare hands,bike,5,Neighbor,IPC 379 (Theft),Theft,0.86,0.0,0.0,0.8596814274787903
"A violent brawl broke out at a market, leading to serious injuries.",Kotputli-Behror,Station B,market,2024-09-18,17:20:02,Wednesday,Spring,Police,Female,51,Female,62,stick,car,3,Acquaintance,IPC 323 (Assault),Assault,0.79,0.0,0.0,0.79172283411026
Robbers stormed a house and made away with cash and gold.,Balotra,Station C,market,2024-11-20,05:46:03,Wednesday,Spring,Victim,Male,11,Female,42,bare hands,bike,1,Stranger,IPC 392 (Robbery),Robbery,1.0,0.0,0.0,1.004294514656067
An incident of rape was reported where the accused lured the victim to a school.,Ajmer,Station C,school,2025-04-27,06:23:53,Sunday,Monsoon,Police,Female,45,Female,36,bare hands,scooter,5,Relative,IPC 376 (Rape),Rape,1.09,0.0,0.0,1.0923691391944885
A theft was reported where items were stolen from a bus stop.,Bikaner,Station B,bus stop,2025-01-23,15:22:41,Thursday,Summer,Police,Female,63,Female,44,knife,bike,2,Stranger,IPC 379 (Theft),Theft,1.37,0.0,0.0,1.3653340637683868
The victim reported being sexually assaulted by a Acquaintance in a residential area.,Chittorgarh,Station A,residential area,2024-09-01,23:39:14,Sunday,Summer,Eyewitness,Male,18,Other,25,knife,auto,3,Acquaintance,IPC 376 (Rape),Rape,1.7,0.8,0.0,0.8965284526348114
The victim was attacked and killed using a bare hands at a bus stop.,Phalodi,Station C,bus stop,2024-07-15,03:26:31,Monday,Monsoon,Police,Other,54,Other,32,bare hands,bike,1,Friend,IPC 302 (Murder),Murder,1.12,0.0,0.0,1.1239883601665497
"A heated argument turned violent at the market, injuring one person.",Barmer,Station A,market,2024-10-04,20:54:03,Friday,Winter,Victim,Male,43,Male,47,gun,auto,4,Neighbor,IPC 323 (Assault),Assault,0.64,0.0,0.0,0.63853320479393
The victim was attacked from behind with a stick at a bus stop.,Sri Ganganagar,Station C,bus stop,2024-06-04,13:37:36,Tuesday,Monsoon,Victim,Female,59,Other,50,stick,bike,3,Stranger,IPC 323 (Assault),Assault,0.78,0.0,0.0,0.7840245366096497
The accused physically assaulted the victim using a gun at a school.,Balotra,Station B,school,2024-06-06,02:55:51,Thursday,Winter,Victim,Male,58,Other,66,gun,auto,1,Stranger,IPC 323 (Assault),Assault,0.77,0.0,0.0,0.7719437777996063
Eyewitnesses reported a fatal altercation involving a gun near the residential area.,Udaipur,Station C,residential area,2024-12-19,08:59:07,Thursday,Summer,Victim,Female,28,Other,32,gun,car,4,Friend,IPC 302 (Murder),Murder,1.2,0.0,0.0,1.2000762820243835
An incident of rape was reported where the accused lured the victim to a highway.,Rajsamand,Station B,highway,2025-05-22,14:50:08,Thursday,Winter,Victim,Other,79,Female,21,stick,scooter,2,Neighbor,IPC 376 (Rape),Rape,1.04,0.0,0.0,1.0392445921897888
The accused forcefully snatched the victim's belongings and fled on a car.,Barmer,Station B,school,2024-11-18,05:47:47,Monday,Spring,Victim,Female,74,Other,55,knife,car,3,Relative,IPC 392 (Robbery),Robbery,0.78,0.0,0.0,0.7772024273872375
Jewelry and cash were stolen from a market during daytime.,Deeg,Station A,market,2025-04-26,17:27:55,Saturday,Winter,Police,Female,20,Female,54,stick,car,1,Relative,IPC 379 (Theft),Theft,1.79,0.8,0.0,0.9854668378829956
"A heated argument turned violent at the residential area, injuring one person.",Pali,Station B,residential area,2024-10-06,04:42:00,Sunday,Monsoon,Victim,Other,47,Male,23,knife,car,1,Acquaintance,IPC 323 (Assault),Assault,0.92,0.0,0.0,0.9247208833694458
The accused forcibly entered the victim’s home and committed the crime.,Jaisalmer,Station A,park,2024-09-21,13:24:00,Saturday,Winter,Victim,Other,61,Male,40,gun,car,1,Stranger,IPC 376 (Rape),Rape,1.05,0.0,0.0,1.0499506294727325
Eyewitnesses reported a fatal altercation involving a bare hands near the market.,Kotputli-Behror,Station A,market,2024-06-22,23:25:48,Saturday,Winter,Eyewitness,Other,25,Other,33,bare hands,car,1,Stranger,IPC 302 (Murder),Murder,0.97,0.0,0.0,0.9717375040054321
A gang of masked robbers looted a store at a park.,Sri Ganganagar,Station B,park,2024-12-21,20:56:06,Saturday,Winter,Police,Female,71,Female,29,stick,bike,5,Neighbor,IPC 392 (Robbery),Robbery,1.06,0.0,0.0,1.0635316371917725
The accused forcibly entered the victim’s home and committed the crime.,Deeg,Station C,highway,2025-03-08,20:07:29,Saturday,Monsoon,Eyewitness,Male,13,Female,43,gun,scooter,2,Neighbor,IPC 376 (Rape),Rape,1.05,0.0,0.0,1.0499506294727325
Police received a report of assault involving two individuals at a bus stop.,Dholpur,Station A,bus stop,2025-02-01,14:26:23,Saturday,Spring,Victim,Female,27,Other,35,knife,auto,4,Friend,IPC 323 (Assault),Assault,0.92,0.0,0.0,0.9182856380939484
The accused forcibly entered the victim’s home and committed the crime.,Churu,Station A,highway,2025-01-26,11:41:58,Sunday,Winter,Eyewitness,Male,78,Male,24,bare hands,bike,3,Neighbor,IPC 376 (Rape),Rape,1.05,0.0,0.0,1.0499506294727325
An incident of rape was reported where the accused lured the victim to a market.,Sirohi,Station C,market,2024-07-13,04:56:54,Saturday,Winter,Victim,Other,14,Male,47,knife,scooter,1,Friend,IPC 376 (Rape),Rape,1.27,0.0,0.0,1.2740156650543213
The victim was attacked and killed using a knife at a residential area.,Jodhpur,Station C,residential area,2024-07-16,03:17:31,Tuesday,Summer,Relative,Other,72,Female,32,knife,auto,4,Neighbor,IPC 302 (Murder),Murder,1.41,0.0,0.0,1.4101700484752655
Robbers stormed a house and made away with cash and gold.,Jaipur,Station C,park,2024-08-04,02:26:04,Sunday,Winter,Victim,Female,67,Female,52,knife,scooter,4,Relative,IPC 392 (Robbery),Robbery,1.0,0.0,0.0,1.004294514656067
Robbers stormed a house and made away with cash and gold.,Beawar,Station B,residential area,2024-11-25,08:37:15,Monday,Summer,Victim,Other,47,Other,29,stick,scooter,1,Friend,IPC 392 (Robbery),Robbery,1.0,0.0,0.0,1.004294514656067
A theft was reported where items were stolen from a highway.,Salumbar,Station A,highway,2024-11-24,07:36:12,Sunday,Monsoon,Victim,Female,48,Male,20,gun,auto,2,Friend,IPC 379 (Theft),Theft,1.34,0.0,0.0,1.3367257118225098
Police received a report of assault involving two individuals at a highway.,Phalodi,Station C,highway,2025-02-11,21:13:41,Tuesday,Summer,Relative,Male,10,Other,18,knife,scooter,3,Acquaintance,IPC 323 (Assault),Assault,1.0,0.0,0.0,1.0014241933822632
"An armed robbery took place at a bus stop, threatening the occupants.",Bikaner,Station C,bus stop,2025-04-26,16:50:18,Saturday,Summer,Relative,Male,25,Male,44,bare hands,bike,1,Neighbor,IPC 392 (Robbery),Robbery,1.25,0.0,0.0,1.2470667958259583
Pickpocketing occurred in a crowded residential area.,Balotra,Station C,residential area,2025-04-01,09:41:41,Tuesday,Spring,Relative,Other,73,Female,69,bare hands,scooter,5,Stranger,IPC 379 (Theft),Theft,0.91,0.0,0.0,0.9088332653045654
A local resident was found murdered in a school under mysterious circumstances.,Nagaur,Station C,school,2024-10-13,17:49:58,Sunday,Summer,Police,Female,56,Other,16,gun,auto,3,Neighbor,IPC 302 (Murder),Murder,0.84,0.0,0.0,0.8356472253799438
A gang of masked robbers looted a store at a highway.,Dholpur,Station C,highway,2024-08-24,05:31:01,Saturday,Summer,Eyewitness,Female,20,Other,57,gun,car,2,Stranger,IPC 392 (Robbery),Robbery,0.98,0.0,0.0,0.9794159531593323
"A violent brawl broke out at a highway, leading to serious injuries.",Sri Ganganagar,Station A,highway,2025-02-22,09:58:17,Saturday,Spring,Victim,Male,56,Female,43,gun,scooter,4,Stranger,IPC 323 (Assault),Assault,0.89,0.0,0.0,0.8907482028007507
A theft was reported where items were stolen from a residential area.,Sirohi,Station A,residential area,2024-09-13,15:14:43,Friday,Spring,Police,Female,44,Female,29,bare hands,auto,5,Stranger,IPC 379 (Theft),Theft,1.42,0.0,0.0,1.420541524887085
The victim was abducted and raped in a moving vehicle by unknown individuals.,Pali,Station B,park,2025-01-05,10:14:39,Sunday,Monsoon,Eyewitness,Other,22,Female,52,gun,auto,2,Acquaintance,IPC 376 (Rape),Rape,1.08,0.0,0.0,1.0808066725730896
A gang of masked robbers looted a store at a school.,Khairthal-Tijara,Station C,school,2024-09-04,17:40:07,Wednesday,Monsoon,Relative,Other,71,Female,43,knife,scooter,2,Stranger,IPC 392 (Robbery),Robbery,0.9,0.0,0.0,0.9016091823577881
The victim was attacked and killed using a stick at a residential area.,Karauli,Station B,residential area,2024-07-12,02:46:45,Friday,Winter,Eyewitness,Male,62,Male,46,stick,scooter,5,Stranger,IPC 302 (Murder),Murder,1.4,0.0,0.0,1.3996301293373108
The victim was abducted and raped in a moving vehicle by unknown individuals.,Bhilwara,Station B,bus stop,2025-04-27,02:00:26,Sunday,Winter,Eyewitness,Other,20,Female,60,knife,car,5,Neighbor,IPC 376 (Rape),Rape,1.08,0.0,0.0,1.0808066725730896
The accused physically assaulted the victim using a bare hands at a bus stop.,Khairthal-Tijara,Station C,bus stop,2024-07-21,08:47:28,Sunday,Monsoon,Eyewitness,Other,32,Male,22,bare hands,auto,3,Neighbor,IPC 323 (Assault),Assault,0.68,0.0,0.0,0.6819780617952347
The victim was abducted and raped in a moving vehicle by unknown individuals.,Hanumangarh,Station B,school,2024-12-28,01:29:19,Saturday,Spring,Victim,Other,13,Female,19,stick,scooter,3,Neighbor,IPC 376 (Rape),Rape,1.08,0.0,0.0,1.0808066725730896
The victim’s vehicle was broken into and items were stolen.,Sikar,Station A,residential area,2024-11-17,07:35:41,Sunday,Monsoon,Relative,Female,54,Female,32,bare hands,auto,5,Friend,IPC 379 (Theft),Theft,1.15,0.0,0.0,1.1471603214740753
Pickpocketing occurred in a crowded school.,Karauli,Station B,school,2024-12-22,22:37:20,Sunday,Monsoon,Victim,Male,44,Female,47,gun,bike,1,Relative,IPC 379 (Theft),Theft,0.71,0.0,0.0,0.707983061671257
"A violent brawl broke out at a residential area, leading to serious injuries.",Khairthal-Tijara,Station C,residential area,2024-11-06,05:31:02,Wednesday,Summer,Police,Other,50,Female,54,knife,car,3,Friend,IPC 323 (Assault),Assault,1.02,0.0,0.0,1.0218038856983185
A local resident was found murdered in a school under mysterious circumstances.,Dholpur,Station C,school,2024-10-14,04:33:12,Monday,Winter,Police,Female,49,Female,26,knife,scooter,4,Relative,IPC 302 (Murder),Murder,0.84,0.0,0.0,0.8356472253799438
The victim was attacked and killed using a bare hands at a highway.,Alwar,Station B,highway,2024-06-16,13:46:51,Sunday,Monsoon,Victim,Female,77,Other,22,bare hands,car,1,Neighbor,IPC 302 (Murder),Murder,1.09,0.0,0.0,1.0928656160831451
"An armed robbery took place at a residential area, threatening the occupants.",Tonk,Station C,residential area,2024-07-15,05:35:54,Monday,Summer,Victim,Other,57,Male,41,bare hands,scooter,1,Stranger,IPC 392 (Robbery),Robbery,1.47,0.0,0.0,1.473210722208023
Eyewitnesses reported a fatal altercation involving a gun near the school.,Pratapgarh,Station A,school,2024-08-09,00:43:24,Friday,Winter,Eyewitness,Female,80,Female,61,gun,car,5,Acquaintance,IPC 302 (Murder),Murder,0.84,0.0,0.0,0.8403117656707764
Unknown suspects broke into a bus stop and stole valuables.,Bundi,Station B,bus stop,2025-02-01,15:02:51,Saturday,Winter,Police,Other,37,Male,39,knife,scooter,5,Friend,IPC 379 (Theft),Theft,0.98,0.0,0.0,0.9772862792015076
Jewelry and cash were stolen from a market during daytime.,Bundi,Station C,market,2025-01-16,09:00:50,Thursday,Winter,Police,Other,13,Other,63,bare hands,auto,3,Stranger,IPC 379 (Theft),Theft,1.79,0.8,0.0,0.9854668378829956
The body of the victim was discovered at a bus stop with signs of struggle.,Bhilwara,Station B,bus stop,2024-10-21,04:19:59,Monday,Monsoon,Victim,Female,27,Other,66,bare hands,auto,4,Relative,IPC 302 (Murder),Murder,0.76,0.0,0.0,0.7580232918262482
Pickpocketing occurred in a crowded residential area.,Khairthal-Tijara,Station A,residential area,2024-07-05,04:27:55,Friday,Winter,Eyewitness,Female,61,Other,38,stick,scooter,1,Relative,IPC 379 (Theft),Theft,0.91,0.0,0.0,0.9088332653045654
Unknown suspects broke into a bus stop and stole valuables.,Sawai Madhopur,Station A,bus stop,2024-08-10,00:11:19,Saturday,Winter,Victim,Other,15,Other,18,bare hands,car,2,Neighbor,IPC 379 (Theft),Theft,0.98,0.0,0.0,0.9772862792015076
A theft was reported where items were stolen from a park.,Kota,Station A,park,2024-08-05,18:42:19,Monday,Winter,Victim,Male,70,Female,50,bare hands,scooter,5,Acquaintance,IPC 379 (Theft),Theft,1.37,0.0,0.0,1.3701566755771637
Eyewitnesses reported a fatal altercation involving a gun near the school.,Kota,Station B,school,2025-03-14,11:39:52,Friday,Spring,Eyewitness,Other,15,Other,19,gun,scooter,1,Stranger,IPC 302 (Murder),Murder,0.84,0.0,0.0,0.8403117656707764
The victim was attacked and killed using a gun at a residential area.,Bharatpur,Station C,residential area,2025-04-03,05:22:52,Thursday,Summer,Victim,Female,46,Female,45,gun,scooter,1,Friend,IPC 302 (Murder),Murder,1.44,0.0,0.0,1.4419108629226685
"A heated argument turned violent at the highway, injuring one person.",Tonk,Station B,highway,2024-07-23,04:15:33,Tuesday,Winter,Police,Female,47,Male,55,gun,scooter,1,Stranger,IPC 323 (Assault),Assault,0.8,0.0,0.0,0.7952787280082703
Eyewitnesses reported a fatal altercation involving a bare hands near the market.,Phalodi,Station C,market,2024-11-26,00:22:29,Tuesday,Spring,Victim,Female,76,Female,39,bare hands,scooter,4,Relative,IPC 302 (Murder),Murder,0.97,0.0,0.0,0.9717375040054321
Robbers stormed a house and made away with cash and gold.,Kota,Station C,highway,2024-10-28,04:29:01,Monday,Spring,Police,Other,40,Male,60,knife,car,2,Friend,IPC 392 (Robbery),Robbery,1.0,0.0,0.0,1.004294514656067
The victim was attacked and killed using a gun at a highway.,Jaisalmer,Station C,highway,2024-11-15,18:28:14,Friday,Spring,Police,Female,69,Other,43,gun,auto,1,Neighbor,IPC 302 (Murder),Murder,1.11,0.0,0.0,1.114298701286316
Unknown suspects broke into a school and stole valuables.,Sirohi,Station A,school,2024-09-18,01:02:46,Wednesday,Spring,Victim,Male,19,Male,26,stick,auto,4,Neighbor,IPC 379 (Theft),Theft,0.89,0.0,0.0,0.8891729414463043
"An armed robbery took place at a highway, threatening the occupants.",Sirohi,Station A,highway,2024-12-04,07:12:18,Wednesday,Spring,Eyewitness,Other,78,Female,37,stick,scooter,3,Friend,IPC 392 (Robbery),Robbery,1.25,0.0,0.0,1.248801827430725
Pickpocketing occurred in a crowded market.,Didwana-Kuchaman,Station C,market,2024-11-01,02:04:29,Friday,Spring,Police,Female,13,Male,47,knife,scooter,2,Stranger,IPC 379 (Theft),Theft,0.77,0.0,0.0,0.7711847126483917
A rape case was registered involving a Acquaintance in an isolated residential area.,Beawar,Station A,residential area,2025-03-19,04:21:21,Wednesday,Summer,Relative,Male,80,Female,52,stick,scooter,3,Acquaintance,IPC 376 (Rape),Rape,2.25,0.8,0.0,1.4542447328567505
"A heated argument turned violent at the bus stop, injuring one person.",Jaisalmer,Station C,bus stop,2025-05-07,05:58:10,Wednesday,Spring,Victim,Female,57,Male,67,knife,auto,1,Neighbor,IPC 323 (Assault),Assault,0.73,0.0,0.0,0.7315022796392441
Police received a report of assault involving two individuals at a residential area.,Jhalawar,Station B,residential area,2024-09-23,04:18:23,Monday,Monsoon,Relative,Male,50,Other,53,gun,auto,2,Acquaintance,IPC 323 (Assault),Assault,1.18,0.0,0.0,1.1789687275886536
"A violent brawl broke out at a residential area, leading to serious injuries.",Deeg,Station C,residential area,2024-08-11,15:34:40,Sunday,Monsoon,Victim,Female,40,Other,15,stick,scooter,1,Relative,IPC 323 (Assault),Assault,1.02,0.0,0.0,1.0218038856983185
The accused physically assaulted the victim using a knife at a residential area.,Barmer,Station C,residential area,2025-02-26,09:04:36,Wednesday,Spring,Police,Other,11,Female,57,knife,car,4,Neighbor,IPC 323 (Assault),Assault,0.98,0.0,0.0,0.9764558672904968
A rape case was registered involving a Relative in an isolated park.,Bharatpur,Station A,park,2024-10-18,23:28:36,Friday,Spring,Police,Male,69,Female,17,knife,scooter,4,Relative,IPC 376 (Rape),Rape,1.42,0.0,0.0,1.4202199280261993
A gang of masked robbers looted a store at a market.,Sri Ganganagar,Station A,market,2025-01-18,21:33:02,Saturday,Monsoon,Relative,Male,71,Male,49,stick,scooter,3,Acquaintance,IPC 392 (Robbery),Robbery,1.07,0.0,0.0,1.0719397366046906
"A heated argument turned violent at the market, injuring one person.",Jhunjhunu,Station A,market,2025-01-12,17:24:51,Sunday,Winter,Eyewitness,Female,52,Male,56,knife,bike,5,Stranger,IPC 323 (Assault),Assault,0.64,0.0,0.0,0.63853320479393
The victim reported being sexually assaulted by a Relative in a bus stop.,Alwar,Station B,bus stop,2024-10-08,09:19:37,Tuesday,Winter,Victim,Other,46,Other,58,knife,bike,4,Relative,IPC 376 (Rape),Rape,0.85,0.0,0.0,0.8499226570129395
The accused forcibly entered the victim’s home and committed the crime.,Rajsamand,Station C,school,2024-10-18,23:25:12,Friday,Summer,Eyewitness,Other,56,Female,65,knife,bike,4,Neighbor,IPC 376 (Rape),Rape,1.05,0.0,0.0,1.0499506294727325
A rape case was registered involving a Acquaintance in an isolated park.,Karauli,Station B,park,2024-12-21,00:16:42,Saturday,Summer,Relative,Other,48,Other,70,stick,car,1,Acquaintance,IPC 376 (Rape),Rape,2.19,0.8,0.0,1.3853094577789307
A rape case was registered involving a Neighbor in an isolated residential area.,Ajmer,Station C,residential area,2025-02-18,21:04:03,Tuesday,Monsoon,Relative,Male,40,Male,21,stick,bike,5,Neighbor,IPC 376 (Rape),Rape,1.45,0.0,0.0,1.4459863901138306
Jewelry and cash were stolen from a bus stop during daytime.,Pali,Station C,bus stop,2024-09-08,13:04:30,Sunday,Summer,Relative,Other,70,Female,51,gun,scooter,1,Neighbor,IPC 379 (Theft),Theft,1.84,0.8,0.0,1.0364919304847717
A theft was reported where items were stolen from a bus stop.,Bhilwara,Station B,bus stop,2024-06-28,22:34:40,Friday,Monsoon,Eyewitness,Female,41,Other,21,bare hands,car,4,Stranger,IPC 379 (Theft),Theft,1.37,0.0,0.0,1.3653340637683868
The accused used a gun to fatally wound the victim at their residence.,Rajsamand,Station C,park,2024-09-27,08:44:01,Friday,Summer,Relative,Other,49,Other,24,gun,scooter,2,Neighbor,IPC 302 (Murder),Murder,1.08,0.0,0.0,1.083620309829712
A theft was reported where items were stolen from a market.,Bundi,Station C,market,2024-06-25,11:31:26,Tuesday,Winter,Eyewitness,Male,66,Male,18,knife,car,1,Friend,IPC 379 (Theft),Theft,1.36,0.0,0.0,1.3614492416381836
The victim reported being sexually assaulted by a Friend in a highway.,Tonk,Station C,highway,2024-09-04,19:01:39,Wednesday,Spring,Eyewitness,Male,11,Other,24,knife,car,5,Friend,IPC 376 (Rape),Rape,1.49,0.8,0.0,0.6909781694412231
The accused forcibly entered the victim’s home and committed the crime.,Sri Ganganagar,Station C,residential area,2024-09-27,10:51:18,Friday,Winter,Victim,Male,10,Female,45,bare hands,bike,1,Acquaintance,IPC 376 (Rape),Rape,1.05,0.0,0.0,1.0499506294727325
A rape case was registered involving a Neighbor in an isolated highway.,Churu,Station A,highway,2025-01-28,10:36:33,Tuesday,Summer,Victim,Male,68,Other,16,knife,auto,2,Neighbor,IPC 376 (Rape),Rape,1.3,0.0,0.0,1.2962080836296082
"A violent brawl broke out at a bus stop, leading to serious injuries.",Banswara,Station C,bus stop,2024-07-24,06:40:26,Wednesday,Spring,Eyewitness,Other,44,Other,44,gun,bike,1,Neighbor,IPC 323 (Assault),Assault,0.81,0.0,0.0,0.808120608329773
Eyewitnesses reported a fatal altercation involving a bare hands near the bus stop.,Jhalawar,Station B,bus stop,2024-06-23,17:53:59,Sunday,Monsoon,Eyewitness,Male,65,Other,69,bare hands,car,4,Neighbor,IPC 302 (Murder),Murder,0.79,0.0,0.0,0.7855892479419708
A gang of masked robbers looted a store at a bus stop.,Kotputli-Behror,Station C,bus stop,2025-03-31,04:06:49,Monday,Monsoon,Victim,Male,50,Female,38,stick,car,1,Friend,IPC 392 (Robbery),Robbery,1.05,0.0,0.0,1.0456640124320984
Pickpocketing occurred in a crowded school.,Phalodi,Station C,school,2025-05-28,07:27:46,Wednesday,Summer,Eyewitness,Other,69,Female,61,knife,car,3,Acquaintance,IPC 379 (Theft),Theft,0.71,0.0,0.0,0.707983061671257
A theft was reported where items were stolen from a highway.,Dungarpur,Station B,highway,2025-04-06,17:55:54,Sunday,Spring,Eyewitness,Male,75,Male,40,bare hands,car,4,Relative,IPC 379 (Theft),Theft,1.34,0.0,0.0,1.3367257118225098
The accused forcibly entered the victim’s home and committed the crime.,Kotputli-Behror,Station C,school,2025-01-01,10:20:15,Wednesday,Winter,Relative,Male,28,Other,41,gun,auto,3,Acquaintance,IPC 376 (Rape),Rape,1.05,0.0,0.0,1.0499506294727325
The victim was attacked from behind with a bare hands at a highway.,Sawai Madhopur,Station A,highway,2025-03-18,20:04:19,Tuesday,Winter,Relative,Female,72,Male,70,bare hands,bike,2,Friend,IPC 323 (Assault),Assault,0.85,0.0,0.0,0.8520320355892181
The victim’s vehicle was broken into and items were stolen.,Pali,Station C,school,2024-12-07,21:03:20,Saturday,Summer,Eyewitness,Other,24,Female,61,stick,auto,2,Stranger,IPC 379 (Theft),Theft,1.15,0.0,0.0,1.1471603214740753
The victim was attacked from behind with a gun at a bus stop.,Hanumangarh,Station B,bus stop,2025-02-18,21:21:58,Tuesday,Summer,Relative,Female,18,Other,40,gun,bike,4,Stranger,IPC 323 (Assault),Assault,0.8,0.0,0.0,0.8015328347682953
The victim was attacked and killed using a knife at a market.,Jaipur,Station B,market,2024-06-09,03:35:18,Sunday,Monsoon,Eyewitness,Other,80,Male,57,knife,auto,2,Friend,IPC 302 (Murder),Murder,1.24,0.0,0.0,1.2385053634643555
The victim was attacked and killed using a bare hands at a market.,Deeg,Station C,market,2024-06-29,13:34:21,Saturday,Summer,Relative,Male,49,Other,43,bare hands,scooter,2,Relative,IPC 302 (Murder),Murder,1.2,0.0,0.0,1.2031749486923218
A gang of masked robbers looted a store at a highway.,Kotputli-Behror,Station A,highway,2024-07-15,19:46:56,Monday,Summer,Relative,Female,28,Male,55,knife,car,1,Acquaintance,IPC 392 (Robbery),Robbery,0.98,0.0,0.0,0.9794159531593323
Jewelry and cash were stolen from a bus stop during daytime.,Alwar,Station A,bus stop,2024-11-20,13:08:10,Wednesday,Spring,Relative,Female,52,Other,52,knife,auto,2,Friend,IPC 379 (Theft),Theft,1.84,0.8,0.0,1.0364919304847717
Unknown suspects broke into a school and stole valuables.,Tonk,Station B,school,2025-01-25,03:45:12,Saturday,Monsoon,Relative,Male,80,Male,30,stick,scooter,5,Acquaintance,IPC 379 (Theft),Theft,0.89,0.0,0.0,0.8891729414463043
Pickpocketing occurred in a crowded school.,Beawar,Station C,school,2025-01-12,17:27:41,Sunday,Spring,Police,Male,59,Male,55,gun,car,3,Friend,IPC 379 (Theft),Theft,0.71,0.0,0.0,0.707983061671257
The accused used a knife to fatally wound the victim at their residence.,Khairthal-Tijara,Station A,school,2024-12-05,08:44:49,Thursday,Winter,Eyewitness,Male,15,Other,67,knife,scooter,5,Stranger,IPC 302 (Murder),Murder,1.03,0.0,0.0,1.030611366033554
A rape case was registered involving a Acquaintance in an isolated school.,Udaipur,Station B,school,2025-02-17,07:30:09,Monday,Spring,Victim,Other,16,Female,57,bare hands,auto,2,Acquaintance,IPC 376 (Rape),Rape,2.11,0.8,0.0,1.313967525959015
Jewelry and cash were stolen from a residential area during daytime.,Tonk,Station B,residential area,2025-05-11,10:36:42,Sunday,Spring,Eyewitness,Female,19,Other,53,knife,bike,5,Acquaintance,IPC 379 (Theft),Theft,1.86,0.8,0.0,1.0628212094306946
The accused forcefully snatched the victim's belongings and fled on a car.,Deeg,Station A,market,2024-11-22,10:37:20,Friday,Spring,Eyewitness,Female,60,Female,69,knife,car,1,Relative,IPC 392 (Robbery),Robbery,0.78,0.0,0.0,0.7772024273872375
The victim’s vehicle was broken into and items were stolen.,Didwana-Kuchaman,Station C,park,2024-08-02,07:55:59,Friday,Spring,Eyewitness,Other,79,Female,27,bare hands,scooter,5,Stranger,IPC 379 (Theft),Theft,1.15,0.0,0.0,1.1471603214740753
The accused forcibly entered the victim’s home and committed the crime.,Udaipur,Station C,school,2025-02-23,03:55:14,Sunday,Summer,Police,Male,80,Female,59,stick,bike,4,Friend,IPC 376 (Rape),Rape,1.05,0.0,0.0,1.0499506294727325
Unknown suspects broke into a bus stop and stole valuables.,Barmer,Station B,bus stop,2024-10-23,22:27:16,Wednesday,Spring,Police,Male,43,Other,60,gun,bike,4,Stranger,IPC 379 (Theft),Theft,0.98,0.0,0.0,0.9772862792015076
A local resident was found murdered in a school under mysterious circumstances.,Rajsamand,Station C,school,2024-09-20,09:32:09,Friday,Monsoon,Eyewitness,Male,41,Other,67,bare hands,scooter,4,Stranger,IPC 302 (Murder),Murder,0.84,0.0,0.0,0.8356472253799438
The accused physically assaulted the victim using a gun at a park.,Jhalawar,Station A,park,2025-04-27,05:52:22,Sunday,Summer,Police,Female,61,Female,42,gun,auto,5,Stranger,IPC 323 (Assault),Assault,0.9,0.0,0.0,0.9006034433841705
Unknown suspects broke into a school and stole valuables.,Chittorgarh,Station C,school,2025-02-27,23:58:49,Thursday,Monsoon,Eyewitness,Male,42,Male,40,stick,auto,4,Friend,IPC 379 (Theft),Theft,0.89,0.0,0.0,0.8891729414463043
The victim was attacked and killed using a bare hands at a residential area.,Phalodi,Station B,residential area,2025-05-10,06:10:25,Saturday,Monsoon,Victim,Other,24,Other,39,bare hands,car,5,Relative,IPC 302 (Murder),Murder,1.35,0.0,0.0,1.348424881696701
"A violent brawl broke out at a highway, leading to serious injuries.",Pali,Station C,highway,2024-07-20,17:37:10,Saturday,Winter,Victim,Other,72,Other,21,gun,car,5,Stranger,IPC 323 (Assault),Assault,0.89,0.0,0.0,0.8907482028007507
The victim reported being sexually assaulted by a Stranger in a park.,Sikar,Station A,park,2024-10-07,20:28:46,Monday,Monsoon,Victim,Other,80,Female,60,gun,scooter,2,Stranger,IPC 376 (Rape),Rape,0.91,0.0,0.0,0.9094938039779663
A gang of masked robbers looted a store at a school.,Baran,Station B,school,2025-03-30,05:31:11,Sunday,Winter,Victim,Female,27,Other,37,gun,bike,5,Stranger,IPC 392 (Robbery),Robbery,0.9,0.0,0.0,0.9016091823577881
The victim’s vehicle was broken into and items were stolen.,Salumbar,Station B,school,2025-03-04,18:13:04,Tuesday,Spring,Victim,Other,49,Male,19,knife,bike,3,Acquaintance,IPC 379 (Theft),Theft,1.15,0.0,0.0,1.1471603214740753
The victim was attacked and killed using a stick at a school.,Jhunjhunu,Station B,school,2025-02-24,02:43:30,Monday,Spring,Eyewitness,Male,48,Female,64,stick,car,5,Stranger,IPC 302 (Murder),Murder,1.08,0.0,0.0,1.0813423991203308
The accused used a bare hands to fatally wound the victim at their residence.,Balotra,Station C,market,2025-01-31,03:07:49,Friday,Winter,Eyewitness,Female,26,Female,40,bare hands,auto,3,Friend,IPC 302 (Murder),Murder,0.99,0.0,0.0,0.9882590174674988
Pickpocketing occurred in a crowded market.,Kotputli-Behror,Station A,market,2024-06-08,09:06:43,Saturday,Spring,Police,Male,32,Female,24,bare hands,bike,1,Neighbor,IPC 379 (Theft),Theft,0.77,0.0,0.0,0.7711847126483917
Unknown suspects broke into a market and stole valuables.,Baran,Station A,market,2025-04-24,23:17:15,Thursday,Summer,Relative,Male,52,Female,18,knife,auto,5,Neighbor,IPC 379 (Theft),Theft,1.06,0.0,0.0,1.062130630016327
Pickpocketing occurred in a crowded bus stop.,Sri Ganganagar,Station A,bus stop,2024-09-26,02:11:16,Thursday,Monsoon,Eyewitness,Other,51,Other,47,bare hands,scooter,5,Relative,IPC 379 (Theft),Theft,0.76,0.0,0.0,0.762970894575119
The victim’s vehicle was broken into and items were stolen.,Alwar,Station A,school,2025-04-13,04:42:55,Sunday,Winter,Relative,Other,34,Female,22,bare hands,auto,5,Stranger,IPC 379 (Theft),Theft,1.15,0.0,0.0,1.1471603214740753
The accused used a bare hands to fatally wound the victim at their residence.,Pratapgarh,Station B,park,2024-12-31,08:14:08,Tuesday,Summer,Eyewitness,Male,21,Other,60,bare hands,auto,4,Relative,IPC 302 (Murder),Murder,0.99,0.0,0.0,0.9882590174674988
The victim was attacked from behind with a bare hands at a park.,Chittorgarh,Station A,park,2024-07-03,21:14:31,Wednesday,Winter,Eyewitness,Other,46,Female,41,bare hands,auto,5,Acquaintance,IPC 323 (Assault),Assault,0.81,0.0,0.0,0.8075890839099884
An incident of rape was reported where the accused lured the victim to a market.,Alwar,Station C,market,2024-11-12,09:32:34,Tuesday,Spring,Relative,Male,73,Female,54,gun,scooter,1,Neighbor,IPC 376 (Rape),Rape,1.27,0.0,0.0,1.2740156650543213
The victim was abducted and raped in a moving vehicle by unknown individuals.,Pratapgarh,Station A,highway,2024-12-20,05:29:24,Friday,Spring,Police,Male,38,Male,58,knife,car,3,Stranger,IPC 376 (Rape),Rape,1.08,0.0,0.0,1.0808066725730896
The accused used a gun to fatally wound the victim at their residence.,Sri Ganganagar,Station B,residential area,2025-04-22,14:36:14,Tuesday,Winter,Eyewitness,Other,48,Female,18,gun,bike,5,Friend,IPC 302 (Murder),Murder,1.08,0.0,0.0,1.083620309829712
The victim was abducted and raped in a moving vehicle by unknown individuals.,Deeg,Station B,highway,2025-05-08,17:04:47,Thursday,Monsoon,Eyewitness,Male,38,Female,29,gun,scooter,2,Relative,IPC 376 (Rape),Rape,1.08,0.0,0.0,1.0808066725730896
"A violent brawl broke out at a market, leading to serious injuries.",Pali,Station A,market,2024-12-14,19:57:12,Saturday,Winter,Relative,Other,64,Male,25,stick,scooter,5,Relative,IPC 323 (Assault),Assault,0.79,0.0,0.0,0.79172283411026
"A violent brawl broke out at a highway, leading to serious injuries.",Jalore,Station B,highway,2024-10-21,11:34:57,Monday,Winter,Relative,Male,52,Male,30,knife,car,4,Friend,IPC 323 (Assault),Assault,0.89,0.0,0.0,0.8907482028007507
The victim was attacked and killed using a knife at a bus stop.,Didwana-Kuchaman,Station B,bus stop,2024-10-24,22:56:40,Thursday,Monsoon,Victim,Other,43,Male,29,knife,auto,3,Acquaintance,IPC 302 (Murder),Murder,1.2,0.0,0.0,1.1957253813743591
The victim was abducted and raped in a moving vehicle by unknown individuals.,Bundi,Station B,park,2024-10-28,04:01:27,Monday,Spring,Victim,Male,37,Female,31,bare hands,scooter,5,Acquaintance,IPC 376 (Rape),Rape,1.08,0.0,0.0,1.0808066725730896
A theft was reported where items were stolen from a school.,Banswara,Station C,school,2025-04-15,19:22:34,Tuesday,Spring,Police,Female,23,Male,39,knife,auto,4,Neighbor,IPC 379 (Theft),Theft,1.14,0.0,0.0,1.142613708972931
Pickpocketing occurred in a crowded park.,Udaipur,Station B,park,2024-11-08,11:26:37,Friday,Monsoon,Eyewitness,Female,58,Female,40,knife,auto,5,Neighbor,IPC 379 (Theft),Theft,0.81,0.0,0.0,0.8108842670917511
A rape case was registered involving a Neighbor in an isolated park.,Phalodi,Station C,park,2025-04-06,15:49:18,Sunday,Spring,Police,Male,19,Female,65,knife,scooter,3,Neighbor,IPC 376 (Rape),Rape,1.35,0.0,0.0,1.3471648693084717
Police received a report of assault involving two individuals at a residential area.,Salumbar,Station A,residential area,2024-07-03,09:37:23,Wednesday,Winter,Eyewitness,Female,33,Other,45,gun,bike,5,Neighbor,IPC 323 (Assault),Assault,1.18,0.0,0.0,1.1789687275886536
The accused physically assaulted the victim using a gun at a highway.,Kotputli-Behror,Station C,highway,2024-07-23,21:54:55,Tuesday,Winter,Victim,Female,29,Female,59,gun,bike,1,Friend,IPC 323 (Assault),Assault,0.91,0.0,0.0,0.9104351699352264
The accused physically assaulted the victim using a gun at a residential area.,Kota,Station B,residential area,2025-03-01,00:42:31,Saturday,Monsoon,Eyewitness,Male,37,Male,38,gun,car,3,Relative,IPC 323 (Assault),Assault,1.01,0.0,0.0,1.0143404603004456
The accused forcibly entered the victim’s home and committed the crime.,Dholpur,Station B,school,2025-02-08,20:19:51,Saturday,Monsoon,Police,Other,47,Female,45,gun,bike,4,Acquaintance,IPC 376 (Rape),Rape,1.05,0.0,0.0,1.0499506294727325
Jewelry and cash were stolen from a residential area during daytime.,Kotputli-Behror,Station C,residential area,2024-11-21,21:56:38,Thursday,Monsoon,Eyewitness,Female,41,Other,17,knife,bike,3,Friend,IPC 379 (Theft),Theft,1.86,0.8,0.0,1.0628212094306946
The body of the victim was discovered at a residential area with signs of struggle.,Jaipur,Station A,residential area,2024-10-17,03:30:59,Thursday,Winter,Victim,Female,12,Female,37,knife,scooter,4,Acquaintance,IPC 302 (Murder),Murder,0.97,0.0,0.0,0.9746900796890259
The accused forcibly entered the victim’s home and committed the crime.,Churu,Station C,market,2024-07-19,18:45:16,Friday,Monsoon,Relative,Male,74,Male,60,gun,car,5,Friend,IPC 376 (Rape),Rape,1.05,0.0,0.0,1.0499506294727325
The accused forcibly entered the victim’s home and committed the crime.,Dholpur,Station B,park,2025-05-14,00:46:19,Wednesday,Summer,Relative,Other,56,Other,25,gun,scooter,4,Relative,IPC 376 (Rape),Rape,1.05,0.0,0.0,1.0499506294727325
Unknown suspects broke into a school and stole valuables.,Barmer,Station B,school,2025-03-14,12:56:29,Friday,Monsoon,Eyewitness,Other,69,Female,64,bare hands,bike,1,Stranger,IPC 379 (Theft),Theft,0.89,0.0,0.0,0.8891729414463043
Police received a report of assault involving two individuals at a market.,Pratapgarh,Station C,market,2025-02-08,14:03:32,Saturday,Winter,Victim,Other,76,Other,40,stick,auto,3,Stranger,IPC 323 (Assault),Assault,1.01,0.0,0.0,1.005622386932373
The victim was robbed at gunpoint while returning home from work.,Beawar,Station A,market,2025-02-03,13:54:05,Monday,Monsoon,Relative,Male,25,Male,62,gun,car,5,Stranger,IPC 392 (Robbery),Robbery,1.2,0.0,0.0,1.2045089900493622
Police received a report of assault involving two individuals at a park.,Jaipur,Station C,park,2024-06-23,11:22:53,Sunday,Spring,Eyewitness,Male,71,Female,52,bare hands,auto,2,Relative,IPC 323 (Assault),Assault,1.02,0.0,0.0,1.0233026146888733
A theft was reported where items were stolen from a park.,Ajmer,Station A,park,2024-12-26,08:25:18,Thursday,Monsoon,Victim,Female,16,Male,23,stick,car,5,Acquaintance,IPC 379 (Theft),Theft,1.37,0.0,0.0,1.3701566755771637
Police received a report of assault involving two individuals at a park.,Pratapgarh,Station B,park,2024-08-23,21:46:42,Friday,Monsoon,Eyewitness,Male,47,Male,49,bare hands,auto,3,Stranger,IPC 323 (Assault),Assault,1.02,0.0,0.0,1.0233026146888733
The victim reported being sexually assaulted by a Stranger in a park.,Churu,Station C,park,2025-04-20,14:22:56,Sunday,Summer,Victim,Other,20,Female,25,gun,auto,1,Stranger,IPC 376 (Rape),Rape,0.91,0.0,0.0,0.9094938039779663
"A violent brawl broke out at a highway, leading to serious injuries.",Didwana-Kuchaman,Station B,highway,2025-02-26,11:24:54,Wednesday,Spring,Relative,Female,65,Female,26,gun,car,4,Friend,IPC 323 (Assault),Assault,0.89,0.0,0.0,0.8907482028007507
The accused forcefully snatched the victim's belongings and fled on a scooter.,Rajsamand,Station A,residential area,2024-07-21,07:44:21,Sunday,Summer,Police,Other,22,Male,40,bare hands,scooter,2,Relative,IPC 392 (Robbery),Robbery,0.74,0.0,0.0,0.7399566471576691
A rape case was registered involving a Friend in an isolated residential area.,Sikar,Station C,residential area,2024-09-28,05:53:53,Saturday,Winter,Relative,Female,48,Female,61,stick,scooter,5,Friend,IPC 376 (Rape),Rape,2.27,0.8,0.0,1.4715695679187775
The accused forcibly entered the victim’s home and committed the crime.,Hanumangarh,Station C,residential area,2024-07-26,22:44:11,Friday,Winter,Eyewitness,Female,18,Male,28,knife,scooter,5,Neighbor,IPC 376 (Rape),Rape,1.05,0.0,0.0,1.0499506294727325
Robbers stormed a house and made away with cash and gold.,Baran,Station C,bus stop,2025-04-21,06:04:18,Monday,Winter,Victim,Male,36,Male,22,stick,auto,1,Relative,IPC 392 (Robbery),Robbery,1.0,0.0,0.0,1.004294514656067
The accused forcefully snatched the victim's belongings and fled on a auto.,Deeg,Station C,market,2025-03-12,22:14:23,Wednesday,Monsoon,Eyewitness,Female,72,Other,19,gun,auto,1,Neighbor,IPC 392 (Robbery),Robbery,0.85,0.0,0.0,0.8491199612617493
A rape case was registered involving a Friend in an isolated residential area.,Salumbar,Station C,residential area,2025-02-24,19:47:14,Monday,Spring,Victim,Other,38,Male,34,bare hands,bike,3,Friend,IPC 376 (Rape),Rape,2.27,0.8,0.0,1.4715695679187775
The victim was attacked and killed using a stick at a school.,Khairthal-Tijara,Station C,school,2024-09-01,11:27:17,Sunday,Summer,Relative,Male,44,Other,56,stick,bike,5,Relative,IPC 302 (Murder),Murder,1.08,0.0,0.0,1.0813423991203308
The accused forcibly entered the victim’s home and committed the crime.,Dausa,Station B,market,2025-01-01,16:52:12,Wednesday,Winter,Relative,Male,50,Male,16,bare hands,car,5,Stranger,IPC 376 (Rape),Rape,1.05,0.0,0.0,1.0499506294727325
The victim was abducted and raped in a moving vehicle by unknown individuals.,Bundi,Station C,residential area,2025-04-23,04:44:13,Wednesday,Summer,Victim,Male,45,Other,64,bare hands,bike,5,Relative,IPC 376 (Rape),Rape,1.08,0.0,0.0,1.0808066725730896
The victim’s vehicle was broken into and items were stolen.,Didwana-Kuchaman,Station A,residential area,2025-05-21,03:04:22,Wednesday,Monsoon,Relative,Other,67,Female,47,gun,auto,1,Friend,IPC 379 (Theft),Theft,1.15,0.0,0.0,1.1471603214740753
The victim was abducted and raped in a moving vehicle by unknown individuals.,Deeg,Station C,residential area,2024-12-21,12:25:12,Saturday,Spring,Eyewitness,Other,69,Female,24,gun,car,1,Relative,IPC 376 (Rape),Rape,1.08,0.0,0.0,1.0808066725730896
Eyewitnesses reported a fatal altercation involving a knife near the residential area.,Pali,Station B,residential area,2025-05-03,18:15:40,Saturday,Summer,Relative,Male,78,Female,58,knife,car,2,Relative,IPC 302 (Murder),Murder,1.14,0.0,0.0,1.1363155245780945
The victim was attacked and killed using a stick at a highway.,Ajmer,Station B,highway,2025-02-06,15:05:46,Thursday,Spring,Victim,Male,74,Male,65,stick,car,3,Neighbor,IPC 302 (Murder),Murder,1.17,0.0,0.0,1.1689032912254333
The accused physically assaulted the victim using a knife at a residential area.,Didwana-Kuchaman,Station B,residential area,2025-05-08,14:01:58,Thursday,Winter,Relative,Female,24,Female,43,knife,bike,3,Friend,IPC 323 (Assault),Assault,0.98,0.0,0.0,0.9764558672904968
The accused physically assaulted the victim using a bare hands at a park.,Pratapgarh,Station A,park,2024-10-17,04:20:22,Thursday,Summer,Victim,Female,47,Male,54,bare hands,scooter,2,Acquaintance,IPC 323 (Assault),Assault,0.76,0.0,0.0,0.7632186412811279
A theft was reported where items were stolen from a bus stop.,Jhalawar,Station A,bus stop,2024-11-07,17:33:28,Thursday,Spring,Relative,Male,14,Male,63,stick,bike,1,Friend,IPC 379 (Theft),Theft,1.37,0.0,0.0,1.3653340637683868
Pickpocketing occurred in a crowded school.,Dausa,Station B,school,2024-08-18,09:33:48,Sunday,Summer,Relative,Female,26,Other,57,stick,bike,4,Acquaintance,IPC 379 (Theft),Theft,0.71,0.0,0.0,0.707983061671257
A gang of masked robbers looted a store at a market.,Bikaner,Station B,market,2024-07-17,21:58:08,Wednesday,Winter,Victim,Male,62,Other,39,knife,scooter,3,Acquaintance,IPC 392 (Robbery),Robbery,1.07,0.0,0.0,1.0719397366046906
An incident of rape was reported where the accused lured the victim to a highway.,Sikar,Station C,highway,2024-11-24,19:00:41,Sunday,Winter,Victim,Other,79,Other,54,bare hands,car,5,Stranger,IPC 376 (Rape),Rape,1.04,0.0,0.0,1.0392445921897888
The victim was abducted and raped in a moving vehicle by unknown individuals.,Didwana-Kuchaman,Station A,park,2025-03-05,02:04:33,Wednesday,Winter,Relative,Female,18,Male,67,knife,car,1,Stranger,IPC 376 (Rape),Rape,1.08,0.0,0.0,1.0808066725730896
The accused used a gun to fatally wound the victim at their residence.,Deeg,Station C,bus stop,2025-05-24,13:17:03,Saturday,Spring,Eyewitness,Male,59,Male,64,gun,auto,4,Friend,IPC 302 (Murder),Murder,1.08,0.0,0.0,1.083620309829712
The victim’s vehicle was broken into and items were stolen.,Didwana-Kuchaman,Station C,highway,2025-04-21,15:46:40,Monday,Spring,Relative,Other,55,Female,22,gun,scooter,5,Relative,IPC 379 (Theft),Theft,1.15,0.0,0.0,1.1471603214740753
The victim’s vehicle was broken into and items were stolen.,Udaipur,Station B,school,2025-01-01,17:41:19,Wednesday,Winter,Relative,Female,19,Male,19,stick,bike,5,Neighbor,IPC 379 (Theft),Theft,1.15,0.0,0.0,1.1471603214740753
A local resident was found murdered in a bus stop under mysterious circumstances.,Bharatpur,Station B,bus stop,2024-11-26,05:55:06,Tuesday,Summer,Police,Female,75,Male,65,gun,bike,4,Relative,IPC 302 (Murder),Murder,0.96,0.0,0.0,0.9584812223911285
The accused physically assaulted the victim using a bare hands at a market.,Rajsamand,Station C,market,2024-10-14,06:25:05,Monday,Spring,Victim,Female,20,Male,27,bare hands,bike,2,Acquaintance,IPC 323 (Assault),Assault,0.71,0.0,0.0,0.7095850110054016
Unknown suspects broke into a market and stole valuables.,Bhilwara,Station A,market,2024-12-09,14:20:04,Monday,Spring,Eyewitness,Other,14,Female,39,knife,bike,1,Friend,IPC 379 (Theft),Theft,1.06,0.0,0.0,1.062130630016327
The victim was abducted and raped in a moving vehicle by unknown individuals.,Dholpur,Station B,residential area,2025-03-04,08:43:26,Tuesday,Spring,Police,Female,12,Other,49,gun,scooter,4,Stranger,IPC 376 (Rape),Rape,1.08,0.0,0.0,1.0808066725730896
The victim’s vehicle was broken into and items were stolen.,Sirohi,Station B,park,2025-01-21,14:15:35,Tuesday,Summer,Relative,Female,33,Other,40,knife,auto,3,Stranger,IPC 379 (Theft),Theft,1.15,0.0,0.0,1.1471603214740753
The victim reported being sexually assaulted by a Acquaintance in a market.,Jhalawar,Station B,market,2024-10-06,19:20:25,Sunday,Monsoon,Relative,Other,23,Male,23,gun,car,1,Acquaintance,IPC 376 (Rape),Rape,1.7,0.8,0.0,0.9040310382843018
The victim was attacked and killed using a knife at a highway.,Sawai Madhopur,Station B,highway,2024-12-15,23:28:56,Sunday,Spring,Relative,Male,64,Male,66,knife,auto,2,Relative,IPC 302 (Murder),Murder,1.11,0.0,0.0,1.1123694777488708
The victim reported being sexually assaulted by a Friend in a highway.,Dholpur,Station C,highway,2025-05-04,08:14:59,Sunday,Winter,Relative,Other,42,Other,60,bare hands,car,4,Friend,IPC 376 (Rape),Rape,1.49,0.8,0.0,0.6909781694412231
Police received a report of assault involving two individuals at a bus stop.,Balotra,Station C,bus stop,2025-01-13,22:59:56,Monday,Spring,Police,Other,59,Male,56,stick,scooter,1,Neighbor,IPC 323 (Assault),Assault,0.92,0.0,0.0,0.9182856380939484
Pickpocketing occurred in a crowded residential area.,Jaisalmer,Station A,residential area,2025-01-15,03:37:24,Wednesday,Summer,Eyewitness,Female,76,Female,55,stick,bike,3,Stranger,IPC 379 (Theft),Theft,0.91,0.0,0.0,0.9088332653045654
The accused physically assaulted the victim using a bare hands at a market.,Karauli,Station B,market,2025-03-08,10:13:57,Saturday,Summer,Relative,Male,46,Male,63,bare hands,auto,2,Stranger,IPC 323 (Assault),Assault,0.71,0.0,0.0,0.7095850110054016
The victim was abducted and raped in a moving vehicle by unknown individuals.,Karauli,Station B,bus stop,2025-01-02,12:57:48,Thursday,Summer,Relative,Male,54,Female,15,stick,bike,5,Stranger,IPC 376 (Rape),Rape,1.08,0.0,0.0,1.0808066725730896
The victim reported being sexually assaulted by a Neighbor in a bus stop.,Sirohi,Station B,bus stop,2024-06-08,10:41:07,Saturday,Spring,Victim,Male,21,Female,28,stick,scooter,1,Neighbor,IPC 376 (Rape),Rape,0.83,0.0,0.0,0.829832911491394
Robbers stormed a house and made away with cash and gold.,Phalodi,Station C,park,2025-05-22,19:21:30,Thursday,Spring,Police,Female,71,Other,70,stick,bike,5,Friend,IPC 392 (Robbery),Robbery,1.0,0.0,0.0,1.004294514656067
Jewelry and cash were stolen from a school during daytime.,Dholpur,Station C,school,2025-04-29,18:00:45,Tuesday,Winter,Victim,Other,38,Male,63,knife,scooter,5,Acquaintance,IPC 379 (Theft),Theft,0.86,0.0,0.0,0.8596814274787903
The accused used a stick to fatally wound the victim at their residence.,Sawai Madhopur,Station C,school,2025-01-07,03:55:34,Tuesday,Monsoon,Eyewitness,Other,44,Male,64,stick,bike,4,Stranger,IPC 302 (Murder),Murder,1.08,0.0,0.0,1.080114483833313
"A violent brawl broke out at a market, leading to serious injuries.",Barmer,Station C,market,2024-10-02,10:44:18,Wednesday,Monsoon,Eyewitness,Female,55,Other,51,knife,bike,3,Stranger,IPC 323 (Assault),Assault,0.79,0.0,0.0,0.79172283411026
The victim was attacked and killed using a knife at a highway.,Sawai Madhopur,Station B,highway,2025-02-13,05:48:47,Thursday,Summer,Police,Male,61,Female,35,knife,bike,1,Friend,IPC 302 (Murder),Murder,1.11,0.0,0.0,1.1123694777488708
The victim was robbed at gunpoint while returning home from work.,Sikar,Station C,school,2025-05-09,12:05:34,Friday,Spring,Police,Male,76,Male,54,stick,auto,3,Acquaintance,IPC 392 (Robbery),Robbery,1.2,0.0,0.0,1.2045089900493622
The victim was robbed at gunpoint while returning home from work.,Dungarpur,Station B,school,2025-04-04,06:20:52,Friday,Monsoon,Victim,Male,16,Other,35,stick,bike,3,Relative,IPC 392 (Robbery),Robbery,1.2,0.0,0.0,1.2045089900493622
The victim was abducted and raped in a moving vehicle by unknown individuals.,Dungarpur,Station A,school,2025-01-31,07:46:57,Friday,Winter,Police,Other,20,Other,56,bare hands,bike,5,Acquaintance,IPC 376 (Rape),Rape,1.08,0.0,0.0,1.0808066725730896
The victim was abducted and raped in a moving vehicle by unknown individuals.,Pali,Station C,highway,2025-05-04,16:02:52,Sunday,Monsoon,Relative,Other,20,Female,27,gun,car,3,Neighbor,IPC 376 (Rape),Rape,1.08,0.0,0.0,1.0808066725730896
Police received a report of assault involving two individuals at a school.,Dungarpur,Station C,school,2024-09-06,17:25:38,Friday,Monsoon,Victim,Male,44,Male,66,stick,scooter,4,Friend,IPC 323 (Assault),Assault,0.97,0.0,0.0,0.974236249923706
A theft was reported where items were stolen from a market.,Tonk,Station B,market,2025-03-12,13:09:25,Wednesday,Spring,Victim,Male,54,Female,32,gun,car,3,Acquaintance,IPC 379 (Theft),Theft,1.36,0.0,0.0,1.3614492416381836
A local resident was found murdered in a market under mysterious circumstances.,Ajmer,Station A,market,2024-06-28,17:35:39,Friday,Monsoon,Eyewitness,Female,48,Other,29,stick,bike,4,Stranger,IPC 302 (Murder),Murder,1.03,0.0,0.0,1.0324283838272095
The accused used a gun to fatally wound the victim at their residence.,Jaisalmer,Station B,bus stop,2025-03-10,00:59:57,Monday,Summer,Eyewitness,Female,36,Other,69,gun,scooter,5,Relative,IPC 302 (Murder),Murder,1.08,0.0,0.0,1.083620309829712
"An armed robbery took place at a bus stop, threatening the occupants.",Khairthal-Tijara,Station C,bus stop,2024-09-18,02:02:56,Wednesday,Summer,Victim,Other,39,Male,66,stick,bike,1,Acquaintance,IPC 392 (Robbery),Robbery,1.25,0.0,0.0,1.2470667958259583
The body of the victim was discovered at a school with signs of struggle.,Phalodi,Station A,school,2024-07-29,11:47:49,Monday,Monsoon,Police,Male,73,Other,50,knife,scooter,1,Stranger,IPC 302 (Murder),Murder,0.64,0.0,0.0,0.635125145316124
The victim reported being sexually assaulted by a Acquaintance in a park.,Karauli,Station B,park,2025-02-05,07:37:40,Wednesday,Monsoon,Eyewitness,Other,51,Male,49,knife,auto,3,Acquaintance,IPC 376 (Rape),Rape,1.66,0.8,0.0,0.8635008037090302
Eyewitnesses reported a fatal altercation involving a knife near the park.,Pali,Station A,park,2024-10-27,11:45:33,Sunday,Winter,Police,Other,77,Male,63,knife,auto,3,Acquaintance,IPC 302 (Murder),Murder,1.02,0.0,0.0,1.023378163576126
The accused forcibly entered the victim’s home and committed the crime.,Jaisalmer,Station A,highway,2024-12-06,08:13:54,Friday,Spring,Relative,Male,38,Male,62,bare hands,auto,1,Acquaintance,IPC 376 (Rape),Rape,1.05,0.0,0.0,1.0499506294727325
The accused used a knife to fatally wound the victim at their residence.,Salumbar,Station A,highway,2025-05-20,23:04:51,Tuesday,Monsoon,Police,Other,73,Other,16,knife,bike,5,Acquaintance,IPC 302 (Murder),Murder,1.03,0.0,0.0,1.030611366033554
Police received a report of assault involving two individuals at a residential area.,Karauli,Station C,residential area,2024-08-21,01:12:26,Wednesday,Monsoon,Victim,Male,63,Female,68,knife,bike,4,Relative,IPC 323 (Assault),Assault,1.18,0.0,0.0,1.1789687275886536
The victim was attacked and killed using a knife at a bus stop.,Jhunjhunu,Station B,bus stop,2024-11-03,09:51:20,Sunday,Summer,Police,Female,30,Other,63,knife,scooter,3,Stranger,IPC 302 (Murder),Murder,1.2,0.0,0.0,1.1957253813743591
A rape case was registered involving a Friend in an isolated residential area.,Banswara,Station C,residential area,2025-05-03,11:32:35,Saturday,Summer,Eyewitness,Male,19,Female,28,gun,scooter,5,Friend,IPC 376 (Rape),Rape,2.27,0.8,0.0,1.4715695679187775
The accused physically assaulted the victim using a stick at a highway.,Jaisalmer,Station A,highway,2024-08-22,21:15:28,Thursday,Summer,Victim,Male,47,Other,35,stick,auto,1,Stranger,IPC 323 (Assault),Assault,0.84,0.0,0.0,0.8438605070114136
Jewelry and cash were stolen from a residential area during daytime.,Jhunjhunu,Station B,residential area,2025-02-08,14:04:16,Saturday,Summer,Eyewitness,Male,21,Male,42,bare hands,car,4,Stranger,IPC 379 (Theft),Theft,1.86,0.8,0.0,1.0628212094306946
The accused forcefully snatched the victim's belongings and fled on a auto.,Bikaner,Station B,highway,2025-01-27,21:41:04,Monday,Spring,Victim,Female,24,Male,19,gun,auto,2,Stranger,IPC 392 (Robbery),Robbery,0.85,0.0,0.0,0.8491199612617493
The victim was attacked from behind with a bare hands at a park.,Jhalawar,Station A,park,2025-03-27,13:27:10,Thursday,Winter,Police,Other,70,Other,38,bare hands,auto,4,Acquaintance,IPC 323 (Assault),Assault,0.81,0.0,0.0,0.8075890839099884
The accused forcibly entered the victim’s home and committed the crime.,Pratapgarh,Station A,bus stop,2025-01-14,04:55:57,Tuesday,Summer,Victim,Other,56,Other,69,knife,scooter,5,Neighbor,IPC 376 (Rape),Rape,1.05,0.0,0.0,1.0499506294727325
The accused used a knife to fatally wound the victim at their residence.,Bundi,Station A,residential area,2024-12-13,12:03:42,Friday,Winter,Eyewitness,Other,29,Male,51,knife,car,4,Friend,IPC 302 (Murder),Murder,1.03,0.0,0.0,1.030611366033554
Pickpocketing occurred in a crowded market.,Dungarpur,Station C,market,2024-07-15,07:45:42,Monday,Summer,Relative,Male,58,Female,39,bare hands,car,3,Acquaintance,IPC 379 (Theft),Theft,0.77,0.0,0.0,0.7711847126483917
A gang of masked robbers looted a store at a bus stop.,Sikar,Station B,bus stop,2024-06-06,18:02:00,Thursday,Summer,Police,Other,74,Female,18,bare hands,car,1,Relative,IPC 392 (Robbery),Robbery,1.05,0.0,0.0,1.0456640124320984
Pickpocketing occurred in a crowded residential area.,Bharatpur,Station A,residential area,2025-03-24,05:31:27,Monday,Spring,Eyewitness,Other,14,Other,67,gun,auto,2,Stranger,IPC 379 (Theft),Theft,0.91,0.0,0.0,0.9088332653045654
Unknown suspects broke into a residential area and stole valuables.,Tonk,Station B,residential area,2025-02-15,21:29:55,Saturday,Winter,Victim,Other,66,Other,49,gun,auto,2,Friend,IPC 379 (Theft),Theft,1.14,0.0,0.0,1.1382177472114563
"A heated argument turned violent at the market, injuring one person.",Tonk,Station A,market,2025-01-05,16:40:54,Sunday,Monsoon,Relative,Female,30,Female,51,knife,scooter,5,Neighbor,IPC 323 (Assault),Assault,0.64,0.0,0.0,0.63853320479393
A local resident was found murdered in a bus stop under mysterious circumstances.,Jalore,Station B,bus stop,2024-12-13,05:06:17,Friday,Monsoon,Victim,Male,39,Male,63,bare hands,bike,3,Friend,IPC 302 (Murder),Murder,0.96,0.0,0.0,0.9584812223911285
The victim’s vehicle was broken into and items were stolen.,Banswara,Station C,highway,2025-04-25,07:54:46,Friday,Winter,Victim,Male,13,Female,17,bare hands,scooter,5,Friend,IPC 379 (Theft),Theft,1.15,0.0,0.0,1.1471603214740753
A theft was reported where items were stolen from a school.,Balotra,Station C,school,2025-03-26,16:12:57,Wednesday,Summer,Eyewitness,Other,74,Other,43,gun,auto,4,Acquaintance,IPC 379 (Theft),Theft,1.14,0.0,0.0,1.142613708972931
A theft was reported where items were stolen from a market.,Churu,Station B,market,2025-01-18,11:07:32,Saturday,Monsoon,Relative,Male,28,Male,46,stick,scooter,5,Stranger,IPC 379 (Theft),Theft,1.36,0.0,0.0,1.3614492416381836
The victim reported being sexually assaulted by a Stranger in a highway.,Alwar,Station A,highway,2025-01-23,03:56:11,Thursday,Spring,Eyewitness,Female,71,Other,33,knife,auto,5,Stranger,IPC 376 (Rape),Rape,0.74,0.0,0.0,0.7363191694021225
The victim’s vehicle was broken into and items were stolen.,Dausa,Station A,residential area,2024-12-09,01:01:38,Monday,Winter,Eyewitness,Other,22,Female,67,bare hands,car,2,Relative,IPC 379 (Theft),Theft,1.15,0.0,0.0,1.1471603214740753
Jewelry and cash were stolen from a highway during daytime.,Dausa,Station B,highway,2025-03-18,11:56:03,Tuesday,Spring,Relative,Other,67,Female,44,stick,car,1,Relative,IPC 379 (Theft),Theft,1.79,0.8,0.0,0.9935021102428436
The victim reported being sexually assaulted by a Relative in a highway.,Sirohi,Station C,highway,2025-05-13,09:51:45,Tuesday,Spring,Victim,Female,79,Other,54,stick,auto,4,Relative,IPC 376 (Rape),Rape,0.74,0.0,0.0,0.7364521622657776
"A heated argument turned violent at the school, injuring one person.",Dausa,Station A,school,2024-10-22,07:27:04,Tuesday,Monsoon,Police,Other,48,Other,31,gun,bike,5,Neighbor,IPC 323 (Assault),Assault,0.69,0.0,0.0,0.6881597936153412
A rape case was registered involving a Relative in an isolated highway.,Sirohi,Station A,highway,2024-06-12,23:18:20,Wednesday,Monsoon,Relative,Other,42,Female,24,stick,auto,2,Relative,IPC 376 (Rape),Rape,1.36,0.0,0.0,1.3635295629501343
"A heated argument turned violent at the residential area, injuring one person.",Tonk,Station B,residential area,2024-12-12,14:08:28,Thursday,Monsoon,Police,Male,48,Male,53,stick,auto,5,Friend,IPC 323 (Assault),Assault,0.92,0.0,0.0,0.9247208833694458
A local resident was found murdered in a bus stop under mysterious circumstances.,Kota,Station B,bus stop,2024-08-14,16:42:05,Wednesday,Monsoon,Relative,Female,21,Female,26,bare hands,car,4,Relative,IPC 302 (Murder),Murder,0.96,0.0,0.0,0.9584812223911285
Police received a report of assault involving two individuals at a school.,Jaipur,Station A,school,2025-02-24,07:20:20,Monday,Monsoon,Eyewitness,Other,30,Male,65,knife,auto,1,Relative,IPC 323 (Assault),Assault,0.97,0.0,0.0,0.974236249923706
The victim’s vehicle was broken into and items were stolen.,Pali,Station A,park,2024-11-21,07:50:40,Thursday,Spring,Eyewitness,Female,34,Male,41,bare hands,scooter,4,Stranger,IPC 379 (Theft),Theft,1.15,0.0,0.0,1.1471603214740753
"An armed robbery took place at a residential area, threatening the occupants.",Pratapgarh,Station B,residential area,2024-08-14,15:15:17,Wednesday,Monsoon,Eyewitness,Female,75,Male,21,bare hands,bike,1,Friend,IPC 392 (Robbery),Robbery,1.47,0.0,0.0,1.473210722208023
The victim reported being sexually assaulted by a Friend in a market.,Salumbar,Station C,market,2024-09-16,23:43:35,Monday,Monsoon,Victim,Other,51,Other,58,stick,car,2,Friend,IPC 376 (Rape),Rape,1.7,0.8,0.0,0.903147965669632
A rape case was registered involving a Friend in an isolated park.,Jhalawar,Station A,park,2025-01-07,01:48:49,Tuesday,Summer,Relative,Male,24,Other,24,knife,auto,2,Friend,IPC 376 (Rape),Rape,2.19,0.8,0.0,1.3942211866378784
The accused physically assaulted the victim using a bare hands at a park.,Kota,Station C,park,2024-08-21,00:09:45,Wednesday,Monsoon,Eyewitness,Male,57,Female,65,bare hands,car,4,Acquaintance,IPC 323 (Assault),Assault,0.76,0.0,0.0,0.7632186412811279
A gang of masked robbers looted a store at a bus stop.,Sirohi,Station C,bus stop,2024-11-26,11:57:17,Tuesday,Summer,Eyewitness,Female,61,Female,48,stick,scooter,2,Relative,IPC 392 (Robbery),Robbery,1.05,0.0,0.0,1.0456640124320984
An incident of rape was reported where the accused lured the victim to a park.,Dungarpur,Station C,park,2024-09-24,08:20:14,Tuesday,Monsoon,Victim,Male,46,Female,53,knife,scooter,4,Friend,IPC 376 (Rape),Rape,1.2,0.0,0.0,1.201119840145111
The victim reported being sexually assaulted by a Neighbor in a park.,Nagaur,Station A,park,2024-07-18,19:49:58,Thursday,Spring,Eyewitness,Other,53,Other,65,gun,car,3,Neighbor,IPC 376 (Rape),Rape,0.86,0.0,0.0,0.8563433289527893
"An armed robbery took place at a park, threatening the occupants.",Sri Ganganagar,Station A,park,2025-01-12,14:13:21,Sunday,Monsoon,Victim,Male,71,Female,34,stick,car,2,Relative,IPC 392 (Robbery),Robbery,1.42,0.0,0.0,1.4195392727851868
The accused physically assaulted the victim using a bare hands at a bus stop.,Sikar,Station B,bus stop,2025-01-14,23:19:54,Tuesday,Winter,Police,Other,78,Female,15,bare hands,bike,2,Stranger,IPC 323 (Assault),Assault,0.68,0.0,0.0,0.6819780617952347
The victim was attacked and killed using a stick at a school.,Baran,Station A,school,2024-10-25,00:29:05,Friday,Winter,Eyewitness,Female,20,Other,58,stick,scooter,3,Friend,IPC 302 (Murder),Murder,1.08,0.0,0.0,1.0813423991203308
The accused physically assaulted the victim using a stick at a park.,Baran,Station A,park,2024-07-22,19:31:09,Monday,Winter,Relative,Other,51,Female,31,stick,bike,3,Friend,IPC 323 (Assault),Assault,0.79,0.0,0.0,0.7942602038383484
The victim was abducted and raped in a moving vehicle by unknown individuals.,Jalore,Station A,bus stop,2025-05-27,19:05:55,Tuesday,Monsoon,Police,Other,36,Female,31,bare hands,auto,3,Acquaintance,IPC 376 (Rape),Rape,1.08,0.0,0.0,1.0808066725730896
Eyewitnesses reported a fatal altercation involving a bare hands near the park.,Dholpur,Station A,park,2025-01-05,20:00:32,Sunday,Spring,Eyewitness,Other,62,Other,38,bare hands,bike,5,Acquaintance,IPC 302 (Murder),Murder,0.88,0.0,0.0,0.8769001364707947
A gang of masked robbers looted a store at a school.,Beawar,Station C,school,2025-02-11,03:21:19,Tuesday,Summer,Victim,Female,65,Other,61,gun,scooter,1,Relative,IPC 392 (Robbery),Robbery,0.9,0.0,0.0,0.9016091823577881
The accused forcibly entered the victim’s home and committed the crime.,Nagaur,Station A,market,2024-11-06,16:04:19,Wednesday,Summer,Victim,Female,61,Male,46,knife,auto,2,Friend,IPC 376 (Rape),Rape,1.05,0.0,0.0,1.0499506294727325
"An armed robbery took place at a market, threatening the occupants.",Bhilwara,Station A,market,2024-10-04,19:27:26,Friday,Spring,Victim,Female,10,Other,24,bare hands,scooter,1,Stranger,IPC 392 (Robbery),Robbery,1.48,0.0,0.0,1.4840591847896576
The victim was attacked and killed using a knife at a bus stop.,Pratapgarh,Station C,bus stop,2024-10-29,10:02:30,Tuesday,Monsoon,Police,Other,71,Male,46,knife,scooter,2,Acquaintance,IPC 302 (Murder),Murder,1.2,0.0,0.0,1.1957253813743591
Unknown suspects broke into a park and stole valuables.,Bundi,Station A,park,2024-07-19,01:26:03,Friday,Winter,Relative,Male,68,Other,32,stick,bike,3,Relative,IPC 379 (Theft),Theft,1.03,0.0,0.0,1.0262937247753143
The victim’s vehicle was broken into and items were stolen.,Dausa,Station A,park,2025-04-01,02:06:45,Tuesday,Summer,Relative,Female,24,Other,45,bare hands,auto,1,Stranger,IPC 379 (Theft),Theft,1.15,0.0,0.0,1.1471603214740753
Police received a report of assault involving two individuals at a school.,Bundi,Station B,school,2024-10-27,23:27:42,Sunday,Summer,Police,Male,76,Male,45,stick,bike,3,Relative,IPC 323 (Assault),Assault,0.97,0.0,0.0,0.974236249923706
Jewelry and cash were stolen from a park during daytime.,Dungarpur,Station B,park,2024-07-21,22:49:34,Sunday,Spring,Victim,Other,23,Other,40,bare hands,auto,4,Friend,IPC 379 (Theft),Theft,1.81,0.8,0.0,1.009999394416809
The victim’s vehicle was broken into and items were stolen.,Sawai Madhopur,Station A,park,2024-07-07,09:42:59,Sunday,Spring,Police,Female,33,Female,28,bare hands,bike,1,Relative,IPC 379 (Theft),Theft,1.15,0.0,0.0,1.1471603214740753
The victim was abducted and raped in a moving vehicle by unknown individuals.,Bharatpur,Station B,market,2024-12-22,09:42:42,Sunday,Monsoon,Police,Male,71,Female,29,knife,auto,4,Acquaintance,IPC 376 (Rape),Rape,1.08,0.0,0.0,1.0808066725730896
A local resident was found murdered in a park under mysterious circumstances.,Sikar,Station C,park,2024-09-19,03:19:37,Thursday,Monsoon,Police,Male,39,Other,69,stick,bike,5,Acquaintance,IPC 302 (Murder),Murder,1.0,0.0,0.0,0.9976097345352173
The victim was attacked from behind with a knife at a residential area.,Rajsamand,Station C,residential area,2025-02-04,05:07:44,Tuesday,Spring,Victim,Other,26,Female,40,knife,auto,1,Acquaintance,IPC 323 (Assault),Assault,0.96,0.0,0.0,0.9585805535316467
The victim was attacked from behind with a knife at a residential area.,Karauli,Station B,residential area,2025-04-22,08:59:53,Tuesday,Winter,Eyewitness,Male,33,Other,58,knife,scooter,5,Stranger,IPC 323 (Assault),Assault,0.96,0.0,0.0,0.9585805535316467
The victim reported being sexually assaulted by a Stranger in a market.,Nagaur,Station B,market,2025-05-28,17:32:47,Wednesday,Winter,Police,Male,36,Male,50,knife,car,1,Stranger,IPC 376 (Rape),Rape,0.97,0.0,0.0,0.9661695957183838
The accused physically assaulted the victim using a stick at a highway.,Phalodi,Station B,highway,2024-07-17,04:43:54,Wednesday,Winter,Relative,Other,65,Other,17,stick,auto,2,Stranger,IPC 323 (Assault),Assault,0.84,0.0,0.0,0.8438605070114136
Eyewitnesses reported a fatal altercation involving a knife near the residential area.,Salumbar,Station C,residential area,2024-09-04,06:08:12,Wednesday,Winter,Eyewitness,Female,62,Male,57,knife,auto,1,Friend,IPC 302 (Murder),Murder,1.14,0.0,0.0,1.1363155245780945
The victim’s vehicle was broken into and items were stolen.,Jaipur,Station B,park,2025-04-10,12:10:27,Thursday,Winter,Eyewitness,Other,56,Male,61,bare hands,bike,4,Stranger,IPC 379 (Theft),Theft,1.15,0.0,0.0,1.1471603214740753
Jewelry and cash were stolen from a highway during daytime.,Jodhpur,Station B,highway,2024-09-29,07:04:42,Sunday,Monsoon,Relative,Male,28,Other,70,bare hands,auto,4,Friend,IPC 379 (Theft),Theft,1.79,0.8,0.0,0.9935021102428436
"A violent brawl broke out at a residential area, leading to serious injuries.",Tonk,Station A,residential area,2024-11-07,07:53:21,Thursday,Summer,Police,Female,28,Other,42,bare hands,scooter,5,Stranger,IPC 323 (Assault),Assault,1.02,0.0,0.0,1.0218038856983185
"An armed robbery took place at a market, threatening the occupants.",Sikar,Station C,market,2024-07-06,07:37:36,Saturday,Winter,Eyewitness,Other,30,Female,24,gun,auto,5,Friend,IPC 392 (Robbery),Robbery,1.48,0.0,0.0,1.4840591847896576
The accused physically assaulted the victim using a stick at a bus stop.,Alwar,Station A,bus stop,2025-05-08,02:43:04,Thursday,Summer,Relative,Other,23,Female,35,stick,scooter,2,Friend,IPC 323 (Assault),Assault,0.71,0.0,0.0,0.7102152407169342
The victim was abducted and raped in a moving vehicle by unknown individuals.,Phalodi,Station B,residential area,2025-01-03,22:55:47,Friday,Spring,Relative,Other,34,Male,39,bare hands,scooter,4,Relative,IPC 376 (Rape),Rape,1.08,0.0,0.0,1.0808066725730896
A gang of masked robbers looted a store at a park.,Jodhpur,Station A,park,2025-01-23,23:02:37,Thursday,Summer,Victim,Other,62,Other,50,bare hands,car,4,Friend,IPC 392 (Robbery),Robbery,1.06,0.0,0.0,1.0635316371917725
The victim was attacked and killed using a gun at a bus stop.,Bhilwara,Station B,bus stop,2025-04-12,07:47:01,Saturday,Winter,Police,Female,22,Female,23,gun,auto,1,Stranger,IPC 302 (Murder),Murder,1.2,0.0,0.0,1.1956493854522705
"A heated argument turned violent at the bus stop, injuring one person.",Jhunjhunu,Station A,bus stop,2024-10-28,17:17:26,Monday,Monsoon,Victim,Male,38,Female,19,knife,auto,4,Neighbor,IPC 323 (Assault),Assault,0.73,0.0,0.0,0.7315022796392441
The victim reported being sexually assaulted by a Neighbor in a bus stop.,Deeg,Station C,bus stop,2025-02-24,06:16:22,Monday,Summer,Eyewitness,Male,66,Other,30,stick,auto,4,Neighbor,IPC 376 (Rape),Rape,0.83,0.0,0.0,0.829832911491394
The accused used a gun to fatally wound the victim at their residence.,Salumbar,Station B,market,2024-11-05,21:36:54,Tuesday,Monsoon,Victim,Male,71,Male,58,gun,bike,2,Relative,IPC 302 (Murder),Murder,1.08,0.0,0.0,1.083620309829712
The accused physically assaulted the victim using a stick at a park.,Barmer,Station C,park,2024-09-14,00:44:51,Saturday,Monsoon,Police,Female,47,Female,35,stick,car,1,Relative,IPC 323 (Assault),Assault,0.79,0.0,0.0,0.7942602038383484
An incident of rape was reported where the accused lured the victim to a residential area.,Kotputli-Behror,Station C,residential area,2024-09-23,02:54:05,Monday,Summer,Police,Male,48,Male,54,stick,bike,3,Acquaintance,IPC 376 (Rape),Rape,1.26,0.0,0.0,1.255059152841568
The accused physically assaulted the victim using a knife at a residential area.,Jalore,Station A,residential area,2024-11-03,09:03:11,Sunday,Winter,Relative,Other,15,Female,18,knife,car,1,Acquaintance,IPC 323 (Assault),Assault,0.98,0.0,0.0,0.9764558672904968
A local resident was found murdered in a school under mysterious circumstances.,Jaipur,Station B,school,2025-03-18,18:25:14,Tuesday,Summer,Victim,Male,38,Male,56,bare hands,auto,5,Friend,IPC 302 (Murder),Murder,0.84,0.0,0.0,0.8356472253799438
Pickpocketing occurred in a crowded market.,Karauli,Station B,market,2024-11-17,21:56:50,Sunday,Winter,Eyewitness,Male,50,Other,58,bare hands,car,1,Friend,IPC 379 (Theft),Theft,0.77,0.0,0.0,0.7711847126483917
The victim was attacked from behind with a knife at a school.,Pratapgarh,Station A,school,2024-08-04,22:19:19,Sunday,Summer,Victim,Other,68,Male,64,knife,auto,4,Stranger,IPC 323 (Assault),Assault,0.73,0.0,0.0,0.73188816010952
An incident of rape was reported where the accused lured the victim to a bus stop.,Udaipur,Station A,bus stop,2025-04-28,22:33:52,Monday,Monsoon,Eyewitness,Female,15,Male,24,gun,auto,1,Neighbor,IPC 376 (Rape),Rape,1.15,0.0,0.0,1.1478746831417084
The victim was robbed at gunpoint while returning home from work.,Kota,Station B,school,2024-11-11,18:14:32,Monday,Monsoon,Relative,Male,17,Other,39,bare hands,scooter,3,Friend,IPC 392 (Robbery),Robbery,1.2,0.0,0.0,1.2045089900493622
The victim was abducted and raped in a moving vehicle by unknown individuals.,Dholpur,Station A,market,2024-12-04,13:35:43,Wednesday,Winter,Eyewitness,Other,59,Female,38,knife,scooter,2,Neighbor,IPC 376 (Rape),Rape,1.08,0.0,0.0,1.0808066725730896
Unknown suspects broke into a school and stole valuables.,Bikaner,Station B,school,2024-12-10,08:49:49,Tuesday,Monsoon,Eyewitness,Other,68,Male,59,knife,bike,1,Friend,IPC 379 (Theft),Theft,0.89,0.0,0.0,0.8891729414463043
The victim’s vehicle was broken into and items were stolen.,Banswara,Station B,residential area,2024-11-18,16:48:45,Monday,Monsoon,Police,Male,34,Male,64,knife,bike,5,Relative,IPC 379 (Theft),Theft,1.15,0.0,0.0,1.1471603214740753
The accused used a gun to fatally wound the victim at their residence.,Udaipur,Station C,park,2024-08-03,08:04:01,Saturday,Summer,Relative,Other,50,Female,45,gun,auto,5,Stranger,IPC 302 (Murder),Murder,1.08,0.0,0.0,1.083620309829712
"A violent brawl broke out at a highway, leading to serious injuries.",Jhunjhunu,Station C,highway,2024-09-15,15:02:05,Sunday,Monsoon,Eyewitness,Male,36,Female,45,gun,bike,2,Neighbor,IPC 323 (Assault),Assault,0.89,0.0,0.0,0.8907482028007507
The body of the victim was discovered at a school with signs of struggle.,Chittorgarh,Station A,school,2024-10-26,17:48:46,Saturday,Spring,Relative,Male,18,Male,66,gun,auto,4,Acquaintance,IPC 302 (Murder),Murder,0.64,0.0,0.0,0.635125145316124
The victim’s vehicle was broken into and items were stolen.,Baran,Station B,highway,2024-08-09,22:26:35,Friday,Winter,Victim,Other,71,Other,29,bare hands,auto,5,Neighbor,IPC 379 (Theft),Theft,1.15,0.0,0.0,1.1471603214740753
Unknown suspects broke into a school and stole valuables.,Chittorgarh,Station C,school,2025-03-12,17:16:28,Wednesday,Winter,Police,Male,48,Other,55,bare hands,car,1,Relative,IPC 379 (Theft),Theft,0.89,0.0,0.0,0.8891729414463043
"A violent brawl broke out at a school, leading to serious injuries.",Hanumangarh,Station C,school,2024-08-30,13:30:19,Friday,Summer,Victim,Female,67,Female,46,bare hands,scooter,1,Acquaintance,IPC 323 (Assault),Assault,0.8,0.0,0.0,0.7969265878200531
The accused used a knife to fatally wound the victim at their residence.,Kotputli-Behror,Station C,highway,2024-11-18,19:42:32,Monday,Winter,Relative,Female,54,Male,41,knife,bike,1,Stranger,IPC 302 (Murder),Murder,1.03,0.0,0.0,1.030611366033554
"A heated argument turned violent at the market, injuring one person.",Alwar,Station C,market,2025-05-03,05:22:29,Saturday,Summer,Police,Male,69,Male,64,knife,car,1,Friend,IPC 323 (Assault),Assault,0.64,0.0,0.0,0.63853320479393
"A violent brawl broke out at a school, leading to serious injuries.",Bundi,Station C,school,2024-12-23,14:32:27,Monday,Spring,Victim,Male,52,Male,34,stick,car,5,Stranger,IPC 323 (Assault),Assault,0.8,0.0,0.0,0.7969265878200531
"A heated argument turned violent at the highway, injuring one person.",Sikar,Station A,highway,2024-09-13,11:53:29,Friday,Monsoon,Victim,Male,79,Other,38,stick,auto,1,Friend,IPC 323 (Assault),Assault,0.8,0.0,0.0,0.7952787280082703
Police received a report of assault involving two individuals at a bus stop.,Jaisalmer,Station B,bus stop,2024-06-29,04:29:42,Saturday,Summer,Police,Male,58,Other,47,gun,bike,4,Relative,IPC 323 (Assault),Assault,0.92,0.0,0.0,0.9182856380939484
The accused forcefully snatched the victim's belongings and fled on a car.,Beawar,Station B,market,2025-05-17,17:00:10,Saturday,Monsoon,Police,Other,57,Female,44,stick,car,1,Stranger,IPC 392 (Robbery),Robbery,0.78,0.0,0.0,0.7772024273872375
The accused forcibly entered the victim’s home and committed the crime.,Jhalawar,Station C,highway,2024-11-24,00:14:33,Sunday,Spring,Relative,Female,72,Female,57,stick,bike,5,Friend,IPC 376 (Rape),Rape,1.05,0.0,0.0,1.0499506294727325
An incident of rape was reported where the accused lured the victim to a bus stop.,Bundi,Station B,bus stop,2025-03-29,08:59:39,Saturday,Spring,Victim,Male,15,Female,49,bare hands,scooter,5,Friend,IPC 376 (Rape),Rape,1.15,0.0,0.0,1.1478746831417084
Police received a report of assault involving two individuals at a park.,Bhilwara,Station C,park,2025-01-10,03:02:12,Friday,Monsoon,Relative,Male,44,Male,63,bare hands,bike,5,Stranger,IPC 323 (Assault),Assault,1.02,0.0,0.0,1.0233026146888733
A theft was reported where items were stolen from a highway.,Salumbar,Station A,highway,2025-01-30,10:02:15,Thursday,Winter,Victim,Other,31,Male,40,knife,car,1,Stranger,IPC 379 (Theft),Theft,1.34,0.0,0.0,1.3367257118225098
The victim reported being sexually assaulted by a Stranger in a highway.,Salumbar,Station A,highway,2024-10-17,20:48:55,Thursday,Monsoon,Relative,Male,23,Female,56,stick,scooter,3,Stranger,IPC 376 (Rape),Rape,0.74,0.0,0.0,0.7363191694021225
The accused physically assaulted the victim using a knife at a highway.,Beawar,Station A,highway,2024-10-06,10:27:41,Sunday,Winter,Relative,Male,18,Female,24,knife,car,3,Acquaintance,IPC 323 (Assault),Assault,0.89,0.0,0.0,0.8894864916801453
The victim reported being sexually assaulted by a Relative in a highway.,Rajsamand,Station A,highway,2024-07-03,02:03:44,Wednesday,Monsoon,Victim,Male,52,Other,35,knife,bike,5,Relative,IPC 376 (Rape),Rape,0.74,0.0,0.0,0.7364521622657776
The accused physically assaulted the victim using a stick at a park.,Alwar,Station C,park,2024-11-09,10:44:12,Saturday,Summer,Victim,Female,26,Male,23,stick,scooter,3,Relative,IPC 323 (Assault),Assault,0.79,0.0,0.0,0.7942602038383484
"A violent brawl broke out at a highway, leading to serious injuries.",Hanumangarh,Station C,highway,2025-03-10,21:58:08,Monday,Spring,Victim,Female,57,Female,34,knife,bike,2,Acquaintance,IPC 323 (Assault),Assault,0.89,0.0,0.0,0.8907482028007507
"A heated argument turned violent at the school, injuring one person.",Didwana-Kuchaman,Station C,school,2024-11-07,11:57:34,Thursday,Winter,Police,Other,69,Other,26,bare hands,car,5,Relative,IPC 323 (Assault),Assault,0.69,0.0,0.0,0.6881597936153412
"An armed robbery took place at a bus stop, threatening the occupants.",Bharatpur,Station A,bus stop,2025-01-24,14:24:11,Friday,Spring,Police,Female,21,Other,48,bare hands,car,4,Neighbor,IPC 392 (Robbery),Robbery,1.25,0.0,0.0,1.2470667958259583
A rape case was registered involving a Relative in an isolated bus stop.,Churu,Station C,bus stop,2025-02-15,19:18:01,Saturday,Summer,Relative,Female,74,Male,60,stick,car,3,Relative,IPC 376 (Rape),Rape,1.43,0.0,0.0,1.428774744272232
The victim was robbed at gunpoint while returning home from work.,Ajmer,Station C,park,2024-12-25,09:54:07,Wednesday,Summer,Relative,Female,16,Male,50,bare hands,car,3,Stranger,IPC 392 (Robbery),Robbery,1.2,0.0,0.0,1.2045089900493622
A rape case was registered involving a Neighbor in an isolated market.,Bikaner,Station C,market,2024-08-22,01:01:49,Thursday,Winter,Police,Male,49,Other,58,gun,car,5,Neighbor,IPC 376 (Rape),Rape,1.42,0.0,0.0,1.4155139923095703
Eyewitnesses reported a fatal altercation involving a stick near the school.,Bundi,Station B,school,2024-12-17,15:25:41,Tuesday,Winter,Victim,Male,12,Other,57,stick,scooter,5,Acquaintance,IPC 302 (Murder),Murder,0.78,0.0,0.0,0.7816475629806519
The accused used a knife to fatally wound the victim at their residence.,Jaisalmer,Station A,bus stop,2025-02-27,05:01:38,Thursday,Winter,Relative,Male,43,Female,39,knife,car,3,Neighbor,IPC 302 (Murder),Murder,1.03,0.0,0.0,1.030611366033554
Robbers stormed a house and made away with cash and gold.,Jalore,Station A,park,2025-02-09,16:10:11,Sunday,Summer,Police,Male,55,Female,60,gun,auto,4,Acquaintance,IPC 392 (Robbery),Robbery,1.0,0.0,0.0,1.004294514656067
Robbers stormed a house and made away with cash and gold.,Kota,Station C,residential area,2024-06-28,01:43:35,Friday,Spring,Relative,Female,58,Other,39,bare hands,car,4,Relative,IPC 392 (Robbery),Robbery,1.0,0.0,0.0,1.004294514656067
The accused forcefully snatched the victim's belongings and fled on a auto.,Tonk,Station C,bus stop,2024-08-21,12:29:21,Wednesday,Summer,Eyewitness,Female,16,Male,42,stick,auto,2,Neighbor,IPC 392 (Robbery),Robbery,0.85,0.0,0.0,0.8491199612617493
The victim was abducted and raped in a moving vehicle by unknown individuals.,Ajmer,Station C,market,2024-12-28,22:25:30,Saturday,Summer,Relative,Female,40,Other,50,gun,auto,5,Friend,IPC 376 (Rape),Rape,1.08,0.0,0.0,1.0808066725730896
The accused physically assaulted the victim using a knife at a bus stop.,Sri Ganganagar,Station B,bus stop,2024-06-30,23:40:42,Sunday,Monsoon,Eyewitness,Male,16,Male,61,knife,scooter,1,Friend,IPC 323 (Assault),Assault,0.78,0.0,0.0,0.7791455090045929
A theft was reported where items were stolen from a school.,Deeg,Station B,school,2025-03-13,18:11:32,Thursday,Winter,Eyewitness,Male,43,Female,57,stick,auto,4,Acquaintance,IPC 379 (Theft),Theft,1.14,0.0,0.0,1.142613708972931
The victim reported being sexually assaulted by a Friend in a market.,Baran,Station C,market,2024-06-06,09:13:43,Thursday,Monsoon,Relative,Male,18,Male,43,knife,car,5,Friend,IPC 376 (Rape),Rape,1.7,0.8,0.0,0.903147965669632
Pickpocketing occurred in a crowded market.,Jalore,Station C,market,2024-12-22,14:32:42,Sunday,Summer,Relative,Other,72,Female,45,stick,bike,5,Neighbor,IPC 379 (Theft),Theft,0.77,0.0,0.0,0.7711847126483917
The body of the victim was discovered at a market with signs of struggle.,Deeg,Station C,market,2025-02-20,11:25:48,Thursday,Winter,Police,Female,73,Female,31,bare hands,scooter,3,Neighbor,IPC 302 (Murder),Murder,0.87,0.0,0.0,0.8729285001754761
Police received a report of assault involving two individuals at a market.,Ajmer,Station B,market,2024-12-31,19:50:54,Tuesday,Monsoon,Eyewitness,Male,20,Female,61,stick,auto,3,Acquaintance,IPC 323 (Assault),Assault,1.01,0.0,0.0,1.005622386932373
The accused physically assaulted the victim using a stick at a school.,Chittorgarh,Station A,school,2024-08-07,05:23:00,Wednesday,Summer,Eyewitness,Other,11,Male,70,stick,car,3,Stranger,IPC 323 (Assault),Assault,0.71,0.0,0.0,0.7075212299823761
Unknown suspects broke into a park and stole valuables.,Deeg,Station C,park,2024-08-17,09:51:02,Saturday,Summer,Relative,Male,26,Female,65,stick,bike,3,Acquaintance,IPC 379 (Theft),Theft,1.03,0.0,0.0,1.0262937247753143
"A heated argument turned violent at the school, injuring one person.",Sikar,Station A,school,2024-12-14,18:04:31,Saturday,Winter,Relative,Other,68,Other,50,gun,auto,3,Friend,IPC 323 (Assault),Assault,0.69,0.0,0.0,0.6881597936153412
The victim was robbed at gunpoint while returning home from work.,Nagaur,Station A,park,2025-02-23,11:42:58,Sunday,Spring,Victim,Other,56,Male,45,stick,scooter,4,Stranger,IPC 392 (Robbery),Robbery,1.2,0.0,0.0,1.2045089900493622
Robbers stormed a house and made away with cash and gold.,Hanumangarh,Station B,market,2024-09-18,23:54:28,Wednesday,Summer,Eyewitness,Other,26,Female,45,bare hands,car,2,Relative,IPC 392 (Robbery),Robbery,1.0,0.0,0.0,1.004294514656067
A local resident was found murdered in a residential area under mysterious circumstances.,Pratapgarh,Station A,residential area,2024-11-17,20:25:58,Sunday,Summer,Police,Female,46,Other,66,bare hands,auto,4,Acquaintance,IPC 302 (Murder),Murder,1.1,0.0,0.0,1.1024294793605804
A rape case was registered involving a Acquaintance in an isolated highway.,Udaipur,Station B,highway,2025-01-08,20:17:01,Wednesday,Winter,Eyewitness,Other,20,Male,32,knife,auto,2,Acquaintance,IPC 376 (Rape),Rape,2.1,0.8,0.0,1.2972614765167236
The victim was abducted and raped in a moving vehicle by unknown individuals.,Tonk,Station B,residential area,2025-04-24,08:32:21,Thursday,Summer,Police,Male,59,Female,29,knife,bike,4,Stranger,IPC 376 (Rape),Rape,1.08,0.0,0.0,1.0808066725730896
Eyewitnesses reported a fatal altercation involving a bare hands near the highway.,Dungarpur,Station C,highway,2025-01-29,03:20:17,Wednesday,Spring,Victim,Other,75,Female,23,bare hands,bike,5,Acquaintance,IPC 302 (Murder),Murder,0.84,0.0,0.0,0.8445543050765991
A local resident was found murdered in a residential area under mysterious circumstances.,Baran,Station A,residential area,2024-10-12,18:17:46,Saturday,Summer,Eyewitness,Other,19,Female,66,bare hands,scooter,5,Stranger,IPC 302 (Murder),Murder,1.1,0.0,0.0,1.1024294793605804
The victim’s vehicle was broken into and items were stolen.,Sirohi,Station B,highway,2024-07-08,02:21:30,Monday,Monsoon,Eyewitness,Female,73,Other,63,stick,scooter,2,Neighbor,IPC 379 (Theft),Theft,1.15,0.0,0.0,1.1471603214740753
Unknown suspects broke into a park and stole valuables.,Pratapgarh,Station A,park,2025-05-26,07:26:48,Monday,Summer,Police,Female,50,Male,26,knife,car,3,Friend,IPC 379 (Theft),Theft,1.03,0.0,0.0,1.0262937247753143
The body of the victim was discovered at a highway with signs of struggle.,Sikar,Station A,highway,2024-11-29,15:11:37,Friday,Summer,Relative,Male,52,Female,26,stick,auto,4,Friend,IPC 302 (Murder),Murder,0.7,0.0,0.0,0.6960923373699188
The accused physically assaulted the victim using a stick at a market.,Bundi,Station A,market,2025-01-04,14:29:25,Saturday,Spring,Victim,Male,75,Female,65,stick,car,5,Neighbor,IPC 323 (Assault),Assault,0.77,0.0,0.0,0.7694487869739532
Unknown suspects broke into a market and stole valuables.,Balotra,Station A,market,2024-12-29,20:31:23,Sunday,Summer,Eyewitness,Female,29,Male,32,gun,car,4,Relative,IPC 379 (Theft),Theft,1.06,0.0,0.0,1.062130630016327
The accused forcefully snatched the victim's belongings and fled on a scooter.,Dholpur,Station A,park,2025-01-17,18:29:01,Friday,Winter,Eyewitness,Male,48,Female,20,knife,scooter,1,Relative,IPC 392 (Robbery),Robbery,0.74,0.0,0.0,0.7399566471576691
Jewelry and cash were stolen from a highway during daytime.,Dholpur,Station C,highway,2024-12-03,09:35:02,Tuesday,Spring,Eyewitness,Female,38,Male,59,stick,bike,3,Friend,IPC 379 (Theft),Theft,1.79,0.8,0.0,0.9935021102428436
"A violent brawl broke out at a park, leading to serious injuries.",Jaipur,Station A,park,2024-08-03,18:19:34,Saturday,Winter,Relative,Other,17,Other,15,bare hands,scooter,3,Relative,IPC 323 (Assault),Assault,0.86,0.0,0.0,0.8555434942245483
"A violent brawl broke out at a residential area, leading to serious injuries.",Jalore,Station B,residential area,2024-12-05,00:13:29,Thursday,Monsoon,Victim,Male,64,Other,41,knife,auto,4,Relative,IPC 323 (Assault),Assault,1.02,0.0,0.0,1.0218038856983185
Police received a report of assault involving two individuals at a bus stop.,Salumbar,Station B,bus stop,2025-03-14,11:18:24,Friday,Winter,Eyewitness,Other,13,Female,53,knife,auto,2,Neighbor,IPC 323 (Assault),Assault,0.92,0.0,0.0,0.9182856380939484
The victim was attacked from behind with a knife at a school.,Didwana-Kuchaman,Station A,school,2025-04-06,19:21:00,Sunday,Winter,Eyewitness,Female,62,Other,24,knife,car,1,Friend,IPC 323 (Assault),Assault,0.73,0.0,0.0,0.73188816010952
The victim was abducted and raped in a moving vehicle by unknown individuals.,Jhalawar,Station B,bus stop,2024-06-05,22:51:48,Wednesday,Monsoon,Victim,Other,58,Other,57,knife,bike,5,Acquaintance,IPC 376 (Rape),Rape,1.08,0.0,0.0,1.0808066725730896
The victim was attacked and killed using a gun at a park.,Dholpur,Station C,park,2025-02-14,17:32:59,Friday,Monsoon,Police,Male,43,Male,34,gun,auto,3,Relative,IPC 302 (Murder),Murder,1.29,0.0,0.0,1.286775827407837
The accused forcefully snatched the victim's belongings and fled on a scooter.,Sirohi,Station C,bus stop,2025-05-15,15:14:56,Thursday,Summer,Victim,Other,51,Other,60,gun,scooter,3,Friend,IPC 392 (Robbery),Robbery,0.74,0.0,0.0,0.7399566471576691
Police received a report of assault involving two individuals at a market.,Deeg,Station B,market,2025-03-10,06:57:38,Monday,Winter,Police,Male,75,Other,46,knife,bike,5,Acquaintance,IPC 323 (Assault),Assault,1.01,0.0,0.0,1.005622386932373
The victim was attacked and killed using a stick at a highway.,Bharatpur,Station A,highway,2024-09-24,06:59:23,Tuesday,Spring,Relative,Male,49,Male,56,stick,car,5,Acquaintance,IPC 302 (Murder),Murder,1.17,0.0,0.0,1.1689032912254333
The victim was abducted and raped in a moving vehicle by unknown individuals.,Bundi,Station B,park,2025-04-11,12:43:31,Friday,Spring,Eyewitness,Male,26,Other,69,gun,auto,3,Friend,IPC 376 (Rape),Rape,1.08,0.0,0.0,1.0808066725730896
The victim was attacked and killed using a gun at a residential area.,Karauli,Station A,residential area,2024-05-29,06:15:45,Wednesday,Winter,Police,Male,79,Male,41,gun,scooter,2,Friend,IPC 302 (Murder),Murder,1.44,0.0,0.0,1.4419108629226685
The victim was abducted and raped in a moving vehicle by unknown individuals.,Sirohi,Station B,park,2025-01-06,16:53:15,Monday,Spring,Victim,Other,77,Female,16,bare hands,auto,4,Neighbor,IPC 376 (Rape),Rape,1.08,0.0,0.0,1.0808066725730896
A gang of masked robbers looted a store at a market.,Karauli,Station B,market,2025-03-20,22:31:24,Thursday,Monsoon,Relative,Other,43,Male,66,bare hands,auto,1,Neighbor,IPC 392 (Robbery),Robbery,1.07,0.0,0.0,1.0719397366046906
Pickpocketing occurred in a crowded residential area.,Jaisalmer,Station B,residential area,2025-02-24,04:03:07,Monday,Spring,Relative,Male,14,Other,26,knife,car,3,Acquaintance,IPC 379 (Theft),Theft,0.91,0.0,0.0,0.9088332653045654
A theft was reported where items were stolen from a school.,Jaipur,Station A,school,2024-08-16,14:43:14,Friday,Spring,Eyewitness,Other,24,Other,41,bare hands,auto,4,Friend,IPC 379 (Theft),Theft,1.14,0.0,0.0,1.142613708972931
"A violent brawl broke out at a bus stop, leading to serious injuries.",Jodhpur,Station B,bus stop,2025-03-15,16:21:41,Saturday,Summer,Relative,Other,22,Other,59,bare hands,bike,2,Stranger,IPC 323 (Assault),Assault,0.81,0.0,0.0,0.808120608329773
Unknown suspects broke into a market and stole valuables.,Udaipur,Station C,market,2025-01-04,21:47:20,Saturday,Summer,Relative,Other,14,Male,38,bare hands,auto,2,Friend,IPC 379 (Theft),Theft,1.06,0.0,0.0,1.062130630016327
A theft was reported where items were stolen from a bus stop.,Tonk,Station C,bus stop,2024-12-14,11:36:43,Saturday,Monsoon,Eyewitness,Female,36,Female,60,knife,bike,3,Friend,IPC 379 (Theft),Theft,1.37,0.0,0.0,1.3653340637683868
The accused used a gun to fatally wound the victim at their residence.,Balotra,Station B,park,2025-05-18,03:51:22,Sunday,Spring,Victim,Female,32,Female,39,gun,auto,5,Friend,IPC 302 (Murder),Murder,1.08,0.0,0.0,1.083620309829712
The victim was abducted and raped in a moving vehicle by unknown individuals.,Udaipur,Station A,bus stop,2025-02-21,04:22:21,Friday,Winter,Victim,Other,50,Male,56,stick,bike,2,Relative,IPC 376 (Rape),Rape,1.08,0.0,0.0,1.0808066725730896
An incident of rape was reported where the accused lured the victim to a market.,Phalodi,Station A,market,2024-08-18,18:23:44,Sunday,Winter,Police,Other,51,Other,36,stick,bike,2,Relative,IPC 376 (Rape),Rape,1.27,0.0,0.0,1.2740156650543213
The victim’s vehicle was broken into and items were stolen.,Hanumangarh,Station B,school,2025-02-02,16:12:11,Sunday,Winter,Police,Male,41,Female,17,gun,car,5,Friend,IPC 379 (Theft),Theft,1.15,0.0,0.0,1.1471603214740753
A gang of masked robbers looted a store at a bus stop.,Dungarpur,Station B,bus stop,2025-05-29,15:07:44,Thursday,Monsoon,Relative,Other,21,Other,66,knife,bike,3,Friend,IPC 392 (Robbery),Robbery,1.05,0.0,0.0,1.0456640124320984
Pickpocketing occurred in a crowded market.,Chittorgarh,Station A,market,2024-12-28,12:18:30,Saturday,Summer,Police,Other,53,Male,38,bare hands,car,5,Stranger,IPC 379 (Theft),Theft,0.77,0.0,0.0,0.7711847126483917
Pickpocketing occurred in a crowded market.,Sri Ganganagar,Station B,market,2025-05-21,15:58:43,Wednesday,Monsoon,Victim,Female,19,Female,22,stick,bike,5,Relative,IPC 379 (Theft),Theft,0.77,0.0,0.0,0.7711847126483917
A theft was reported where items were stolen from a school.,Hanumangarh,Station A,school,2025-01-04,19:53:44,Saturday,Summer,Police,Female,38,Female,62,bare hands,scooter,3,Neighbor,IPC 379 (Theft),Theft,1.14,0.0,0.0,1.142613708972931
The victim was attacked and killed using a knife at a market.,Beawar,Station B,market,2025-05-24,12:25:57,Saturday,Spring,Police,Other,61,Male,45,knife,bike,1,Stranger,IPC 302 (Murder),Murder,1.24,0.0,0.0,1.2385053634643555
The victim’s vehicle was broken into and items were stolen.,Beawar,Station A,market,2024-09-26,19:19:33,Thursday,Summer,Victim,Female,42,Female,25,knife,car,5,Friend,IPC 379 (Theft),Theft,1.15,0.0,0.0,1.1471603214740753
An incident of rape was reported where the accused lured the victim to a highway.,Rajsamand,Station B,highway,2024-10-19,01:13:24,Saturday,Monsoon,Eyewitness,Female,71,Female,47,stick,car,5,Relative,IPC 376 (Rape),Rape,1.04,0.0,0.0,1.0392445921897888
The accused physically assaulted the victim using a bare hands at a park.,Bundi,Station B,park,2024-11-01,22:51:49,Friday,Winter,Police,Other,52,Female,64,bare hands,scooter,5,Acquaintance,IPC 323 (Assault),Assault,0.76,0.0,0.0,0.7632186412811279
Eyewitnesses reported a fatal altercation involving a knife near the school.,Udaipur,Station A,school,2025-01-23,05:09:46,Thursday,Monsoon,Police,Female,14,Female,62,knife,auto,1,Friend,IPC 302 (Murder),Murder,0.84,0.0,0.0,0.839808315038681
The victim was attacked from behind with a knife at a bus stop.,Chittorgarh,Station B,bus stop,2024-09-02,18:16:35,Monday,Spring,Eyewitness,Female,10,Male,49,knife,auto,2,Neighbor,IPC 323 (Assault),Assault,0.78,0.0,0.0,0.7791740298271179
The victim was robbed at gunpoint while returning home from work.,Jalore,Station C,school,2024-09-09,07:07:51,Monday,Monsoon,Police,Female,47,Female,48,bare hands,scooter,1,Acquaintance,IPC 392 (Robbery),Robbery,1.2,0.0,0.0,1.2045089900493622
"An armed robbery took place at a market, threatening the occupants.",Rajsamand,Station C,market,2025-03-19,11:07:24,Wednesday,Winter,Relative,Male,60,Other,41,gun,bike,3,Neighbor,IPC 392 (Robbery),Robbery,1.48,0.0,0.0,1.4840591847896576
The victim reported being sexually assaulted by a Relative in a residential area.,Ajmer,Station A,residential area,2024-11-18,05:45:00,Monday,Monsoon,Police,Female,68,Other,27,bare hands,car,2,Relative,IPC 376 (Rape),Rape,0.91,0.0,0.0,0.9130166172981262
The body of the victim was discovered at a residential area with signs of struggle.,Barmer,Station B,residential area,2025-02-19,12:02:34,Wednesday,Spring,Eyewitness,Male,63,Female,51,gun,bike,3,Neighbor,IPC 302 (Murder),Murder,0.97,0.0,0.0,0.9746900796890259
Unknown suspects broke into a residential area and stole valuables.,Baran,Station A,residential area,2024-12-03,12:10:59,Tuesday,Monsoon,Eyewitness,Other,12,Other,44,bare hands,car,4,Relative,IPC 379 (Theft),Theft,1.14,0.0,0.0,1.1382177472114563
The victim reported being sexually assaulted by a Relative in a bus stop.,Sri Ganganagar,Station C,bus stop,2024-09-10,04:47:18,Tuesday,Summer,Eyewitness,Female,77,Female,61,bare hands,auto,3,Relative,IPC 376 (Rape),Rape,0.85,0.0,0.0,0.8499226570129395
The accused forcefully snatched the victim's belongings and fled on a car.,Nagaur,Station C,market,2024-10-07,04:08:10,Monday,Summer,Eyewitness,Male,29,Male,51,knife,car,3,Friend,IPC 392 (Robbery),Robbery,0.78,0.0,0.0,0.7772024273872375
The victim was abducted and raped in a moving vehicle by unknown individuals.,Bharatpur,Station C,school,2025-01-25,23:27:44,Saturday,Spring,Police,Other,19,Male,27,bare hands,scooter,1,Acquaintance,IPC 376 (Rape),Rape,1.08,0.0,0.0,1.0808066725730896
A gang of masked robbers looted a store at a park.,Salumbar,Station B,park,2025-03-15,06:02:38,Saturday,Summer,Relative,Male,68,Male,45,stick,scooter,1,Acquaintance,IPC 392 (Robbery),Robbery,1.06,0.0,0.0,1.0635316371917725
The body of the victim was discovered at a park with signs of struggle.,Khairthal-Tijara,Station A,park,2024-10-11,13:20:54,Friday,Summer,Victim,Male,80,Male,31,bare hands,car,2,Neighbor,IPC 302 (Murder),Murder,0.8,0.0,0.0,0.8012655973434448
"An armed robbery took place at a market, threatening the occupants.",Chittorgarh,Station B,market,2024-09-09,12:38:36,Monday,Summer,Eyewitness,Male,32,Female,40,bare hands,car,3,Stranger,IPC 392 (Robbery),Robbery,1.48,0.0,0.0,1.4840591847896576
Jewelry and cash were stolen from a market during daytime.,Kotputli-Behror,Station A,market,2024-06-19,14:55:53,Wednesday,Winter,Relative,Female,63,Male,28,stick,car,4,Friend,IPC 379 (Theft),Theft,1.79,0.8,0.0,0.9854668378829956
A theft was reported where items were stolen from a highway.,Rajsamand,Station A,highway,2024-06-12,11:44:24,Wednesday,Monsoon,Police,Male,79,Female,37,stick,auto,5,Neighbor,IPC 379 (Theft),Theft,1.34,0.0,0.0,1.3367257118225098
The victim’s vehicle was broken into and items were stolen.,Churu,Station B,market,2024-10-26,06:15:17,Saturday,Monsoon,Police,Other,20,Other,22,knife,bike,5,Relative,IPC 379 (Theft),Theft,1.15,0.0,0.0,1.1471603214740753
Jewelry and cash were stolen from a highway during daytime.,Banswara,Station C,highway,2025-04-01,19:27:07,Tuesday,Summer,Police,Other,12,Male,19,gun,scooter,5,Neighbor,IPC 379 (Theft),Theft,1.79,0.8,0.0,0.9935021102428436
The victim was attacked and killed using a stick at a bus stop.,Pratapgarh,Station A,bus stop,2024-07-24,04:29:07,Wednesday,Spring,Eyewitness,Female,34,Female,70,stick,bike,4,Friend,IPC 302 (Murder),Murder,1.2,0.0,0.0,1.199534922838211
A theft was reported where items were stolen from a park.,Sikar,Station C,park,2025-01-16,18:35:30,Thursday,Spring,Eyewitness,Male,50,Female,27,gun,auto,5,Neighbor,IPC 379 (Theft),Theft,1.37,0.0,0.0,1.3701566755771637
Eyewitnesses reported a fatal altercation involving a knife near the school.,Bhilwara,Station A,school,2025-02-13,14:21:24,Thursday,Monsoon,Police,Female,47,Other,30,knife,scooter,1,Neighbor,IPC 302 (Murder),Murder,0.84,0.0,0.0,0.839808315038681
"An armed robbery took place at a residential area, threatening the occupants.",Salumbar,Station A,residential area,2024-12-13,19:00:37,Friday,Winter,Police,Male,10,Other,31,stick,bike,3,Relative,IPC 392 (Robbery),Robbery,1.47,0.0,0.0,1.473210722208023
Jewelry and cash were stolen from a market during daytime.,Bikaner,Station B,market,2025-01-30,19:35:47,Thursday,Winter,Police,Male,76,Other,56,bare hands,scooter,1,Neighbor,IPC 379 (Theft),Theft,1.79,0.8,0.0,0.9854668378829956
A rape case was registered involving a Friend in an isolated bus stop.,Salumbar,Station C,bus stop,2025-01-29,11:26:02,Wednesday,Monsoon,Relative,Female,61,Female,48,stick,scooter,2,Friend,IPC 376 (Rape),Rape,2.18,0.8,0.0,1.3800539374351501
The accused used a bare hands to fatally wound the victim at their residence.,Jhalawar,Station A,park,2025-05-14,16:53:33,Wednesday,Monsoon,Relative,Other,62,Male,20,bare hands,bike,4,Acquaintance,IPC 302 (Murder),Murder,0.99,0.0,0.0,0.9882590174674988
The victim was attacked and killed using a bare hands at a residential area.,Bharatpur,Station B,residential area,2024-11-14,08:25:32,Thursday,Summer,Police,Other,60,Male,65,bare hands,car,2,Stranger,IPC 302 (Murder),Murder,1.35,0.0,0.0,1.348424881696701
An incident of rape was reported where the accused lured the victim to a bus stop.,Sikar,Station B,bus stop,2025-03-21,08:35:18,Friday,Winter,Victim,Other,43,Female,15,knife,bike,1,Friend,IPC 376 (Rape),Rape,1.15,0.0,0.0,1.1478746831417084
Jewelry and cash were stolen from a highway during daytime.,Udaipur,Station A,highway,2024-09-06,22:28:07,Friday,Spring,Police,Male,77,Male,53,bare hands,scooter,3,Stranger,IPC 379 (Theft),Theft,1.79,0.8,0.0,0.9935021102428436
Eyewitnesses reported a fatal altercation involving a bare hands near the residential area.,Bhilwara,Station B,residential area,2024-08-11,17:21:18,Sunday,Winter,Eyewitness,Other,11,Male,15,bare hands,car,2,Friend,IPC 302 (Murder),Murder,1.03,0.0,0.0,1.029870092868805
Robbers stormed a house and made away with cash and gold.,Phalodi,Station B,school,2025-01-23,06:40:04,Thursday,Winter,Relative,Female,41,Other,47,bare hands,car,5,Neighbor,IPC 392 (Robbery),Robbery,1.0,0.0,0.0,1.004294514656067
A gang of masked robbers looted a store at a bus stop.,Alwar,Station A,bus stop,2025-03-18,06:38:29,Tuesday,Spring,Eyewitness,Male,30,Male,60,bare hands,bike,4,Stranger,IPC 392 (Robbery),Robbery,1.05,0.0,0.0,1.0456640124320984
The victim was abducted and raped in a moving vehicle by unknown individuals.,Bhilwara,Station B,bus stop,2024-08-31,03:59:08,Saturday,Monsoon,Eyewitness,Female,38,Other,22,bare hands,car,1,Acquaintance,IPC 376 (Rape),Rape,1.08,0.0,0.0,1.0808066725730896
Pickpocketing occurred in a crowded highway.,Deeg,Station B,highway,2025-02-22,14:01:38,Saturday,Spring,Relative,Female,47,Other,69,knife,scooter,4,Neighbor,IPC 379 (Theft),Theft,0.76,0.0,0.0,0.7600108981132507
A gang of masked robbers looted a store at a highway.,Hanumangarh,Station C,highway,2024-10-01,07:13:30,Tuesday,Monsoon,Victim,Other,15,Female,21,bare hands,bike,4,Relative,IPC 392 (Robbery),Robbery,0.98,0.0,0.0,0.9794159531593323
The body of the victim was discovered at a bus stop with signs of struggle.,Ajmer,Station C,bus stop,2024-12-11,13:35:17,Wednesday,Spring,Victim,Male,72,Other,61,knife,car,4,Stranger,IPC 302 (Murder),Murder,0.76,0.0,0.0,0.7580232918262482
The victim’s vehicle was broken into and items were stolen.,Salumbar,Station A,residential area,2024-11-23,01:19:13,Saturday,Spring,Victim,Other,72,Male,38,gun,car,2,Acquaintance,IPC 379 (Theft),Theft,1.15,0.0,0.0,1.1471603214740753
Jewelry and cash were stolen from a market during daytime.,Kota,Station B,market,2024-10-12,10:27:59,Saturday,Spring,Police,Female,62,Female,24,gun,bike,5,Relative,IPC 379 (Theft),Theft,1.79,0.8,0.0,0.9854668378829956
The accused used a gun to fatally wound the victim at their residence.,Deeg,Station A,bus stop,2025-04-04,00:29:26,Friday,Summer,Police,Female,68,Male,44,gun,bike,3,Relative,IPC 302 (Murder),Murder,1.08,0.0,0.0,1.083620309829712
A rape case was registered involving a Acquaintance in an isolated residential area.,Pali,Station B,residential area,2024-10-22,17:05:05,Tuesday,Spring,Victim,Other,66,Male,18,bare hands,car,5,Acquaintance,IPC 376 (Rape),Rape,2.25,0.8,0.0,1.4542447328567505
"A violent brawl broke out at a residential area, leading to serious injuries.",Nagaur,Station A,residential area,2025-02-04,22:56:36,Tuesday,Winter,Relative,Other,29,Other,23,stick,bike,5,Stranger,IPC 323 (Assault),Assault,1.02,0.0,0.0,1.0218038856983185
The accused forcefully snatched the victim's belongings and fled on a auto.,Jhunjhunu,Station A,residential area,2024-07-12,07:41:07,Friday,Monsoon,Victim,Female,36,Other,68,knife,auto,1,Relative,IPC 392 (Robbery),Robbery,0.85,0.0,0.0,0.8491199612617493
"A violent brawl broke out at a bus stop, leading to serious injuries.",Ajmer,Station C,bus stop,2025-05-13,03:32:33,Tuesday,Monsoon,Relative,Other,51,Male,57,knife,car,5,Neighbor,IPC 323 (Assault),Assault,0.81,0.0,0.0,0.808120608329773
An incident of rape was reported where the accused lured the victim to a school.,Balotra,Station C,school,2024-09-26,18:47:09,Thursday,Monsoon,Eyewitness,Female,15,Male,44,knife,auto,3,Friend,IPC 376 (Rape),Rape,1.09,0.0,0.0,1.0923691391944885
Eyewitnesses reported a fatal altercation involving a bare hands near the highway.,Bhilwara,Station A,highway,2025-03-22,19:40:55,Saturday,Monsoon,Police,Female,17,Male,28,bare hands,scooter,4,Stranger,IPC 302 (Murder),Murder,0.84,0.0,0.0,0.8445543050765991
The victim was robbed at gunpoint while returning home from work.,Nagaur,Station A,park,2024-07-13,06:38:56,Saturday,Summer,Eyewitness,Male,51,Male,59,stick,bike,1,Neighbor,IPC 392 (Robbery),Robbery,1.2,0.0,0.0,1.2045089900493622
"An armed robbery took place at a school, threatening the occupants.",Jhalawar,Station C,school,2024-07-09,01:02:01,Tuesday,Summer,Victim,Male,72,Male,66,stick,auto,4,Friend,IPC 392 (Robbery),Robbery,1.15,0.0,0.0,1.1535313725471497
Police received a report of assault involving two individuals at a market.,Jodhpur,Station A,market,2025-05-11,13:12:53,Sunday,Monsoon,Eyewitness,Female,19,Female,48,stick,bike,2,Neighbor,IPC 323 (Assault),Assault,1.01,0.0,0.0,1.005622386932373
The accused forcibly entered the victim’s home and committed the crime.,Sirohi,Station C,market,2024-11-05,19:56:14,Tuesday,Winter,Victim,Male,59,Male,41,knife,auto,2,Acquaintance,IPC 376 (Rape),Rape,1.05,0.0,0.0,1.0499506294727325
Pickpocketing occurred in a crowded market.,Nagaur,Station A,market,2025-05-16,17:44:57,Friday,Spring,Relative,Male,64,Female,21,bare hands,car,1,Acquaintance,IPC 379 (Theft),Theft,0.77,0.0,0.0,0.7711847126483917
The accused forcibly entered the victim’s home and committed the crime.,Bikaner,Station B,residential area,2024-10-07,19:13:29,Monday,Monsoon,Victim,Other,14,Other,62,bare hands,car,5,Friend,IPC 376 (Rape),Rape,1.05,0.0,0.0,1.0499506294727325
The accused physically assaulted the victim using a gun at a market.,Jhunjhunu,Station A,market,2024-07-01,10:08:38,Monday,Summer,Relative,Female,57,Female,41,gun,auto,4,Neighbor,IPC 323 (Assault),Assault,0.81,0.0,0.0,0.8083368837833405
Eyewitnesses reported a fatal altercation involving a gun near the school.,Rajsamand,Station B,school,2025-05-28,13:49:31,Wednesday,Monsoon,Relative,Female,24,Male,45,gun,scooter,5,Friend,IPC 302 (Murder),Murder,0.84,0.0,0.0,0.8403117656707764
A rape case was registered involving a Friend in an isolated bus stop.,Bikaner,Station C,bus stop,2024-07-10,23:47:44,Wednesday,Monsoon,Relative,Male,31,Female,53,stick,auto,5,Friend,IPC 376 (Rape),Rape,2.18,0.8,0.0,1.3800539374351501
The accused physically assaulted the victim using a stick at a bus stop.,Jalore,Station B,bus stop,2024-06-18,15:31:16,Tuesday,Spring,Eyewitness,Female,69,Other,54,stick,scooter,4,Friend,IPC 323 (Assault),Assault,0.71,0.0,0.0,0.7102152407169342
"An armed robbery took place at a park, threatening the occupants.",Beawar,Station C,park,2024-07-14,15:21:56,Sunday,Summer,Police,Female,46,Female,40,bare hands,car,5,Acquaintance,IPC 392 (Robbery),Robbery,1.42,0.0,0.0,1.4195392727851868
The accused used a knife to fatally wound the victim at their residence.,Churu,Station C,park,2024-12-26,17:17:50,Thursday,Monsoon,Police,Other,67,Male,36,knife,scooter,2,Stranger,IPC 302 (Murder),Murder,1.03,0.0,0.0,1.030611366033554
A gang of masked robbers looted a store at a park.,Dausa,Station A,park,2024-07-28,06:33:40,Sunday,Monsoon,Eyewitness,Male,23,Other,61,stick,bike,2,Relative,IPC 392 (Robbery),Robbery,1.06,0.0,0.0,1.0635316371917725
Police received a report of assault involving two individuals at a bus stop.,Ajmer,Station C,bus stop,2025-04-19,07:02:12,Saturday,Summer,Eyewitness,Other,17,Other,17,knife,scooter,5,Acquaintance,IPC 323 (Assault),Assault,0.92,0.0,0.0,0.9182856380939484
The victim’s vehicle was broken into and items were stolen.,Jalore,Station C,bus stop,2024-12-16,09:23:28,Monday,Summer,Eyewitness,Female,52,Other,69,gun,bike,2,Friend,IPC 379 (Theft),Theft,1.15,0.0,0.0,1.1471603214740753
An incident of rape was reported where the accused lured the victim to a bus stop.,Kotputli-Behror,Station C,bus stop,2025-05-25,11:03:34,Sunday,Winter,Victim,Other,68,Female,42,stick,bike,5,Acquaintance,IPC 376 (Rape),Rape,1.15,0.0,0.0,1.1478746831417084
The accused physically assaulted the victim using a knife at a market.,Kota,Station A,market,2025-04-27,21:43:51,Sunday,Winter,Police,Female,42,Other,52,knife,bike,5,Acquaintance,IPC 323 (Assault),Assault,0.82,0.0,0.0,0.8213295936584473
A gang of masked robbers looted a store at a highway.,Khairthal-Tijara,Station C,highway,2025-01-29,20:02:15,Wednesday,Spring,Eyewitness,Male,28,Female,60,stick,car,3,Stranger,IPC 392 (Robbery),Robbery,0.98,0.0,0.0,0.9794159531593323
Jewelry and cash were stolen from a residential area during daytime.,Tonk,Station A,residential area,2024-08-30,16:32:54,Friday,Summer,Police,Other,50,Other,35,gun,scooter,2,Friend,IPC 379 (Theft),Theft,1.86,0.8,0.0,1.0628212094306946
A theft was reported where items were stolen from a park.,Bikaner,Station A,park,2024-09-07,08:19:10,Saturday,Summer,Victim,Other,79,Male,30,stick,auto,4,Acquaintance,IPC 379 (Theft),Theft,1.37,0.0,0.0,1.3701566755771637
Jewelry and cash were stolen from a highway during daytime.,Didwana-Kuchaman,Station C,highway,2025-04-08,00:28:59,Tuesday,Summer,Police,Female,62,Other,38,knife,bike,2,Neighbor,IPC 379 (Theft),Theft,1.79,0.8,0.0,0.9935021102428436
The accused used a bare hands to fatally wound the victim at their residence.,Bharatpur,Station B,park,2025-01-24,16:54:44,Friday,Monsoon,Eyewitness,Male,63,Male,46,bare hands,car,4,Acquaintance,IPC 302 (Murder),Murder,0.99,0.0,0.0,0.9882590174674988
The accused physically assaulted the victim using a bare hands at a school.,Dholpur,Station B,school,2025-03-14,10:07:30,Friday,Summer,Eyewitness,Male,14,Female,32,bare hands,scooter,1,Acquaintance,IPC 323 (Assault),Assault,0.69,0.0,0.0,0.6909652501344681
The victim reported being sexually assaulted by a Acquaintance in a highway.,Hanumangarh,Station A,highway,2024-06-03,14:38:22,Monday,Spring,Victim,Other,79,Other,25,stick,scooter,5,Acquaintance,IPC 376 (Rape),Rape,1.48,0.8,0.0,0.6767685413360596
The accused physically assaulted the victim using a knife at a school.,Salumbar,Station A,school,2025-02-05,02:27:49,Wednesday,Monsoon,Police,Male,37,Male,47,knife,bike,4,Neighbor,IPC 323 (Assault),Assault,0.79,0.0,0.0,0.7852805256843567
The victim was abducted and raped in a moving vehicle by unknown individuals.,Balotra,Station B,park,2025-03-23,18:19:40,Sunday,Spring,Eyewitness,Other,15,Other,18,bare hands,car,4,Relative,IPC 376 (Rape),Rape,1.08,0.0,0.0,1.0808066725730896
A local resident was found murdered in a park under mysterious circumstances.,Ajmer,Station C,park,2025-03-13,20:11:24,Thursday,Monsoon,Victim,Female,38,Male,60,stick,bike,2,Relative,IPC 302 (Murder),Murder,1.0,0.0,0.0,0.9976097345352173
Pickpocketing occurred in a crowded residential area.,Barmer,Station C,residential area,2024-07-02,15:18:57,Tuesday,Monsoon,Eyewitness,Female,32,Male,45,gun,bike,1,Acquaintance,IPC 379 (Theft),Theft,0.91,0.0,0.0,0.9088332653045654
The victim was abducted and raped in a moving vehicle by unknown individuals.,Bharatpur,Station C,residential area,2024-10-13,16:24:03,Sunday,Winter,Victim,Male,11,Male,25,bare hands,auto,5,Friend,IPC 376 (Rape),Rape,1.08,0.0,0.0,1.0808066725730896
The victim was abducted and raped in a moving vehicle by unknown individuals.,Dungarpur,Station B,market,2025-05-20,01:05:28,Tuesday,Monsoon,Eyewitness,Male,11,Male,53,bare hands,car,1,Stranger,IPC 376 (Rape),Rape,1.08,0.0,0.0,1.0808066725730896
A theft was reported where items were stolen from a bus stop.,Didwana-Kuchaman,Station A,bus stop,2025-03-12,12:28:08,Wednesday,Monsoon,Relative,Other,33,Female,19,stick,car,4,Acquaintance,IPC 379 (Theft),Theft,1.37,0.0,0.0,1.3653340637683868
"An armed robbery took place at a residential area, threatening the occupants.",Sawai Madhopur,Station B,residential area,2025-04-09,15:22:48,Wednesday,Monsoon,Relative,Other,36,Other,27,gun,bike,2,Relative,IPC 392 (Robbery),Robbery,1.47,0.0,0.0,1.473210722208023
The accused forcefully snatched the victim's belongings and fled on a bike.,Dungarpur,Station B,park,2024-10-22,22:13:18,Tuesday,Summer,Relative,Other,13,Other,49,bare hands,bike,1,Friend,IPC 392 (Robbery),Robbery,0.77,0.0,0.0,0.7719154357910156
Police received a report of assault involving two individuals at a bus stop.,Jaipur,Station A,bus stop,2024-11-16,10:23:42,Saturday,Winter,Eyewitness,Other,57,Female,64,knife,scooter,1,Neighbor,IPC 323 (Assault),Assault,0.92,0.0,0.0,0.9182856380939484
The victim was attacked from behind with a stick at a bus stop.,Jaipur,Station A,bus stop,2024-06-28,06:58:01,Friday,Spring,Victim,Female,17,Other,64,stick,car,2,Acquaintance,IPC 323 (Assault),Assault,0.78,0.0,0.0,0.7840245366096497
Robbers stormed a house and made away with cash and gold.,Churu,Station C,highway,2024-11-08,01:30:06,Friday,Winter,Victim,Other,77,Other,48,knife,auto,5,Relative,IPC 392 (Robbery),Robbery,1.0,0.0,0.0,1.004294514656067
The victim was attacked and killed using a knife at a school.,Alwar,Station B,school,2025-01-13,13:23:00,Monday,Winter,Victim,Female,78,Male,55,knife,car,3,Acquaintance,IPC 302 (Murder),Murder,1.08,0.0,0.0,1.0819514393806458
Eyewitnesses reported a fatal altercation involving a knife near the school.,Jodhpur,Station C,school,2025-02-01,12:10:45,Saturday,Winter,Victim,Male,19,Female,26,knife,scooter,1,Neighbor,IPC 302 (Murder),Murder,0.84,0.0,0.0,0.839808315038681
The accused physically assaulted the victim using a knife at a bus stop.,Karauli,Station C,bus stop,2024-12-28,00:21:45,Saturday,Monsoon,Relative,Female,18,Female,39,knife,bike,1,Neighbor,IPC 323 (Assault),Assault,0.78,0.0,0.0,0.7791455090045929
The accused forcefully snatched the victim's belongings and fled on a auto.,Kotputli-Behror,Station B,bus stop,2024-10-10,23:42:15,Thursday,Winter,Eyewitness,Other,22,Male,56,bare hands,auto,3,Acquaintance,IPC 392 (Robbery),Robbery,0.85,0.0,0.0,0.8491199612617493
The victim was abducted and raped in a moving vehicle by unknown individuals.,Karauli,Station B,residential area,2024-08-20,04:42:31,Tuesday,Spring,Relative,Male,38,Female,46,knife,scooter,3,Relative,IPC 376 (Rape),Rape,1.08,0.0,0.0,1.0808066725730896
Eyewitnesses reported a fatal altercation involving a stick near the school.,Jalore,Station B,school,2025-03-12,20:12:43,Wednesday,Spring,Police,Other,71,Other,33,stick,bike,4,Friend,IPC 302 (Murder),Murder,0.78,0.0,0.0,0.7816475629806519
The accused physically assaulted the victim using a bare hands at a residential area.,Jhalawar,Station B,residential area,2024-12-23,07:49:13,Monday,Summer,Eyewitness,Female,39,Male,28,bare hands,car,1,Acquaintance,IPC 323 (Assault),Assault,0.88,0.0,0.0,0.8818514943122864
The accused forcefully snatched the victim's belongings and fled on a scooter.,Sawai Madhopur,Station B,residential area,2025-01-08,13:09:19,Wednesday,Spring,Victim,Female,27,Male,51,gun,scooter,3,Relative,IPC 392 (Robbery),Robbery,0.74,0.0,0.0,0.7399566471576691
A theft was reported where items were stolen from a residential area.,Alwar,Station B,residential area,2024-06-02,08:15:20,Sunday,Summer,Victim,Other,38,Female,62,knife,scooter,4,Acquaintance,IPC 379 (Theft),Theft,1.42,0.0,0.0,1.420541524887085
Eyewitnesses reported a fatal altercation involving a stick near the residential area.,Didwana-Kuchaman,Station B,residential area,2024-07-01,23:23:59,Monday,Monsoon,Police,Male,32,Female,26,stick,bike,4,Friend,IPC 302 (Murder),Murder,1.08,0.0,0.0,1.0750214159488678
The victim was attacked and killed using a gun at a park.,Udaipur,Station A,park,2025-03-24,00:49:50,Monday,Monsoon,Victim,Other,44,Female,41,gun,car,3,Friend,IPC 302 (Murder),Murder,1.29,0.0,0.0,1.286775827407837
Pickpocketing occurred in a crowded school.,Dungarpur,Station A,school,2025-01-05,03:41:12,Sunday,Winter,Eyewitness,Male,37,Female,51,gun,bike,3,Friend,IPC 379 (Theft),Theft,0.71,0.0,0.0,0.707983061671257
